,customer_id,prob_of_churn,predicted
0,7109-MFBYV,0.0,0
1,9028-LIHRP,0.0,0
2,4290-BSXUX,1.0,1
3,3329-WDIOK,1.0,1
4,4825-FUREZ,0.0,0
5,4429-WYGFR,0.0,0
6,6654-QGBZZ,0.3902439024390244,0
7,0168-XZKBB,0.5241379310344828,1
8,3748-FVMZZ,0.3333333333333333,0
9,9898-KZQDZ,0.5945945945945946,1
10,4983-CLMLV,0.3684210526315789,0
11,9647-ERGBE,0.85,1
12,6204-IEUXJ,0.3611111111111111,0
13,1024-GUALD,0.7283950617283951,1
14,0042-JVWOJ,0.0,0
15,6614-FHDBO,0.125,0
16,2041-JIJCI,0.375,0
17,4948-WBBKL,0.5945945945945946,1
18,3956-CJUST,0.14285714285714285,0
19,2654-VBVPB,0.05555555555555555,0
20,4942-VZZOM,0.0,0
21,9618-LFJRU,0.2857142857142857,0
22,0723-VSOBE,0.0,0
23,3481-JHUZH,0.5241379310344828,1
24,3705-PSNGL,0.3333333333333333,0
25,0687-ZVTHB,0.07446808510638298,0
26,4806-HIPDW,1.0,1
27,0813-TAXXS,0.05555555555555555,0
28,1591-MQJTP,0.07446808510638298,0
29,5366-OBVMR,0.2777777777777778,0
30,4482-FTFFX,0.05555555555555555,0
31,2952-QAYZF,0.7659574468085106,1
32,2378-YIZKA,0.0,0
33,8174-LNWMW,0.0,0
34,8903-XEBGX,0.0,0
35,2876-GZYZC,0.7659574468085106,1
36,9643-YBLUR,0.18181818181818182,0
37,8660-BUETV,0.375,0
38,7469-LKBCI,0.0,0
39,3665-JATSN,0.4411764705882353,0
40,7055-JCGNI,0.18115942028985507,0
41,3413-CSSTH,0.1956521739130435,0
42,5995-WWKKG,0.0,0
43,6169-PGNCD,0.0,0
44,4193-IBKSW,0.0,0
45,3799-ISUZQ,0.5617977528089888,1
46,0835-JKADZ,0.125,0
47,4049-ZPALD,0.07692307692307693,0
48,6715-OFDBP,0.375,0
49,8603-IJWDN,0.8953488372093024,1
50,4776-XSKYQ,0.0,0
51,4573-JKNAE,0.0,0
52,7402-EYFXX,0.5241379310344828,1
53,5642-MHDQT,0.05555555555555555,0
54,8785-EPNCG,0.06896551724137931,0
55,5022-KVDQT,0.5241379310344828,1
56,3540-RZJYU,0.6086956521739131,1
57,4774-HHGGS,0.0,0
58,3677-TNKIO,0.5617977528089888,1
59,4565-NLZBV,0.0,0
60,1051-EQPZR,0.0,0
61,1060-ENTOF,0.18115942028985507,0
62,2640-LYMOV,0.07142857142857142,0
63,4203-QGNZA,0.0,0
64,0719-SYFRB,0.2777777777777778,0
65,3785-KTYSH,0.1111111111111111,0
66,0699-NDKJM,0.15789473684210525,0
67,6734-PSBAW,0.0,0
68,9732-OUYRN,0.0,0
69,6202-DYYFX,0.0,0
70,9318-NKNFC,0.3902439024390244,0
71,0056-EPFBG,0.0,0
72,2791-SFVEW,0.06896551724137931,0
73,1970-KKFWL,0.1111111111111111,0
74,8024-XNAFQ,0.0,0
75,7365-BVCJH,0.7283950617283951,1
76,6497-TILVL,0.05128205128205128,0
77,9798-DRYDS,0.14285714285714285,0
78,2065-MMKGR,0.0,0
79,3580-HYCSP,0.0,0
80,2565-JSLRY,0.46153846153846156,0
81,2272-QAGFO,0.6455696202531646,1
82,8397-MVTAZ,0.85,1
83,8205-VSLRB,0.0,0
84,1319-YLZJG,0.5617977528089888,1
85,1084-MNSMJ,0.0,0
86,1518-VOWAV,0.14285714285714285,0
87,8199-ZLLSA,1.0,1
88,8104-OSKWT,0.0,0
89,3877-JRJIP,0.75,1
90,3796-ENZGF,0.0,0
91,7817-BOQPW,0.6455696202531646,1
92,2211-RMNHO,0.0,0
93,6838-YAUVY,0.07692307692307693,0
94,6769-DYBQN,0.3333333333333333,0
95,2373-NTKOD,0.14285714285714285,0
96,0816-TSPHQ,0.1111111111111111,0
97,9136-ALYBR,0.7283950617283951,1
98,9138-EFSMO,0.0,0
99,9867-XOBQA,0.0,0
100,3452-GWUIN,0.5241379310344828,1
101,2995-UPRYS,0.034482758620689655,0
102,4116-TZAQJ,0.5617977528089888,1
103,9572-WUKSB,0.3333333333333333,0
104,3755-JBMNH,0.75,1
105,8344-WFMFH,0.38636363636363635,0
106,4513-CXYIX,0.0,0
107,7054-DMVAS,0.0,0
108,4328-VUFWD,0.0,0
109,2054-PJOCK,0.0,0
110,8974-OVACP,0.46153846153846156,0
111,8992-VONJD,0.38636363636363635,0
112,6064-ZATLR,0.0,0
113,7609-YBPXG,0.0,0
114,9972-VAFJJ,0.06666666666666667,0
115,1121-QSIVB,0.8,1
116,8671-KKKOS,0.15789473684210525,0
117,1555-DJEQW,0.18115942028985507,0
118,2195-VVRJF,0.2777777777777778,0
119,3482-ABPKK,0.0,0
120,5020-ZSTTY,0.07446808510638298,0
121,1293-BSEUN,0.0,0
122,3727-OWVYD,0.0,0
123,9695-IDRZR,0.0,0
124,7156-MHUGY,0.6086956521739131,1
125,1833-TCXKK,0.875,1
126,4718-WXBGI,0.0,0
127,2955-BJZHG,1.0,1
128,2851-MMUTZ,0.0,0
129,3179-GBRWV,0.06896551724137931,0
130,2154-KVJFF,0.6455696202531646,1
131,4061-UKJWL,0.375,0
132,2252-ISRNH,0.0,0
133,6695-AMZUF,0.0,0
134,4187-CINZD,0.5,0
135,2332-EFBJY,0.06896551724137931,0
136,0214-JHPFW,0.0,0
137,7267-FRMJW,0.0,0
138,7613-LLQFO,1.0,1
139,7623-TRNQN,1.0,1
140,8642-GVWRF,0.4444444444444444,0
141,2003-CKLOR,0.34615384615384615,0
142,4140-WJAWW,0.4444444444444444,0
143,1658-BYGOY,0.85,1
144,2829-HYVZP,0.0,0
145,5322-TEUJK,0.0,0
146,2581-VKIRT,0.0,0
147,6350-XFYGW,0.6086956521739131,1
148,6551-VLJMV,0.0,0
149,7706-YLMQA,0.05555555555555555,0
150,7401-RUBNK,0.3333333333333333,0
151,2645-QTLMB,0.6086956521739131,1
152,0137-OCGAB,1.0,1
153,8071-SBTRN,0.18115942028985507,0
154,1834-ABKHQ,0.0,0
155,7921-BEPCI,0.0,0
156,1171-TYKUR,0.0,0
157,7460-ITWWP,0.5241379310344828,1
158,7336-RLLRH,0.07446808510638298,0
159,1304-BCCFO,0.2777777777777778,0
160,4385-GZQXV,1.0,1
161,3547-LQRIK,0.0,0
162,4712-UYOOI,0.14285714285714285,0
163,4458-KVRBJ,0.0,0
164,3318-OSATS,0.85,1
165,3413-BMNZE,0.2,0
166,0378-XSZPU,1.0,1
167,2612-PHGOX,0.0,0
168,3629-ZNKXA,0.6052631578947368,1
169,6196-HBOBZ,0.28125,0
170,7131-ZQZNK,0.0,0
171,6418-PIQSP,0.0,0
172,9955-QOPOY,0.0,0
173,3144-AUDBS,0.38636363636363635,0
174,6860-YRJZP,0.2857142857142857,0
175,4080-OGPJL,0.38636363636363635,0
176,2514-GINMM,0.8953488372093024,1
177,1228-ZLNBX,0.25806451612903225,0
178,4615-PIVVU,0.0,0
179,6969-MVBAI,0.7659574468085106,1
180,8859-YSTWS,0.0,0
181,6996-KNSML,0.8953488372093024,1
182,5356-CSVSQ,0.0,0
183,6507-DTJZV,0.2727272727272727,0
184,9281-PKKZE,0.0,0
185,2682-KEVRP,0.0,0
186,5494-HECPR,0.8953488372093024,1
187,3834-XUIFC,0.7659574468085106,1
188,4335-UPJSI,0.0,0
189,3012-VFFMN,0.06896551724137931,0
190,8017-UVSZU,0.045454545454545456,0
191,5357-TZHPP,1.0,1
192,0670-ANMUU,0.0,0
193,0512-FLFDW,0.07692307692307693,0
194,9924-JPRMC,0.0,0
195,1226-UDFZR,0.7283950617283951,1
196,7833-PKIHD,0.07446808510638298,0
197,4911-BANWH,0.25806451612903225,0
198,6087-MVHJH,0.5263157894736842,1
199,7931-PXHFC,0.8333333333333334,1
200,1628-BIZYP,0.8953488372093024,1
201,1830-IPXVJ,0.0,0
202,0674-DGMAQ,0.5241379310344828,1
203,0639-TSIQW,0.3684210526315789,0
204,1240-KNSEZ,0.46153846153846156,0
205,5186-EJEGL,0.2777777777777778,0
206,2067-QYTCF,0.0,0
207,3454-JFUBC,0.0,0
208,4291-YZODP,0.0,0
209,4077-HWUYD,0.0,0
210,5442-UTCVD,0.8,1
211,0859-YGKFW,0.2,0
212,2324-AALNO,0.0,0
213,3926-CUQZX,0.7283950617283951,1
214,4003-FUSHP,0.2777777777777778,0
215,7558-IMLMT,0.0,0
216,5081-NWSUP,0.0,0
217,0654-PQKDW,0.07446808510638298,0
218,0840-DCNZE,0.07446808510638298,0
219,6227-HWPWX,0.3611111111111111,0
220,1063-DHQJF,0.0,0
221,5440-FLBQG,0.18115942028985507,0
222,8466-PZBLH,0.18115942028985507,0
223,3016-KSVCP,0.0,0
224,9588-OZDMQ,0.7283950617283951,1
225,7293-LSCDV,0.0,0
226,7028-DVOIQ,0.85,1
227,9940-RHLFB,0.8953488372093024,1
228,1810-BOHSY,0.07692307692307693,0
229,1559-DTODC,0.4411764705882353,0
230,4837-QUSFT,0.07692307692307693,0
231,9224-VTYID,0.0,0
232,6728-VOIFY,0.28125,0
233,5692-ICXLW,0.5241379310344828,1
234,6862-CQUMB,0.375,0
235,8791-GFXLZ,0.06896551724137931,0
236,4910-AQFFX,1.0,1
237,6674-KVJHG,0.0,0
238,2205-YMZZJ,1.0,1
239,8708-XPXHZ,0.5241379310344828,1
240,9102-IAYHT,1.0,1
241,9938-TKDGL,0.0,0
242,4086-ATNFV,0.0,0
243,0201-MIBOL,0.18115942028985507,0
244,7492-TAFJD,0.0,0
245,4816-OKWNX,0.18115942028985507,0
246,3754-DXMRT,0.7283950617283951,1
247,2393-DIVAI,0.0,0
248,8644-XLFBW,0.8953488372093024,1
249,4822-NGOCH,1.0,1
250,3889-VWBID,0.0,0
251,4892-VLANZ,0.3902439024390244,0
252,3317-HRTNN,1.0,1
253,4293-ETKAP,0.0,0
254,7544-ZVIKX,0.18115942028985507,0
255,1104-TNLZA,0.19047619047619047,0
256,9223-UCPVT,0.8953488372093024,1
257,9970-QBCDA,0.06896551724137931,0
258,0723-DRCLG,0.8953488372093024,1
259,1098-TDVUQ,0.3333333333333333,0
260,2139-FQHLM,0.2608695652173913,0
261,5440-VHLUL,0.18115942028985507,0
262,3727-RJMEO,0.6455696202531646,1
263,3128-YOVTD,0.25806451612903225,0
264,0218-QNVAS,0.0,0
265,4724-WXVWF,0.0,0
266,1766-GKNMI,0.5241379310344828,1
267,2436-QBZFP,0.0,0
268,2495-TTHBQ,0.0,0
269,9962-BFPDU,0.0,0
270,9294-TDIPC,0.0,0
271,2429-AYKKO,0.0,0
272,4184-TJFAN,1.0,1
273,4146-SVFUD,0.375,0
274,8718-PTMEZ,0.4411764705882353,0
275,4962-CHQPW,0.0,0
276,7163-OCEQI,0.8333333333333334,1
277,6873-UDNLD,0.1956521739130435,0
278,2335-GSODA,0.0,0
279,1751-NCDLI,0.85,1
280,4324-BZCKL,0.18181818181818182,0
281,3675-YDUPJ,0.06896551724137931,0
282,2812-SFXMJ,0.0,0
283,5766-XQXMQ,0.1956521739130435,0
284,8430-TWCBX,0.0,0
285,8735-DCXNF,0.2777777777777778,0
286,8910-ICHIU,0.5,0
287,1670-SVOWZ,0.5617977528089888,1
288,1271-SJBGZ,0.4411764705882353,0
289,1122-JWTJW,0.7692307692307693,1
290,5176-OLSKT,0.0,0
291,1480-BKXGA,0.0,0
292,6518-LGAOV,0.46153846153846156,0
293,5172-MIGPM,0.05555555555555555,0
294,3521-MNKLV,0.0,0
295,4020-KIUDI,0.06896551724137931,0
296,6212-ATMLK,0.85,1
297,6906-ANDWJ,1.0,1
298,2220-IAHLS,0.05555555555555555,0
299,2344-JMOGN,0.8333333333333334,1
300,2330-PQGDQ,0.0,0
301,0310-MVLET,1.0,1
302,6631-HMANX,0.0,0
303,7808-DVWEP,0.0,0
304,2239-JALAW,0.18115942028985507,0
305,6967-QIQRV,0.0,0
306,7234-KMNRQ,0.07142857142857142,0
307,5148-ORICT,0.0,0
308,9863-JZAIC,0.1956521739130435,0
309,7399-QHBJS,0.0,0
310,5206-XZZQI,0.0,0
311,8058-JMEQO,1.0,1
312,1839-FBNFR,0.0,0
313,9090-SGQXL,0.34615384615384615,0
314,1791-PQHBB,0.0,0
315,2718-YSKCS,0.0,0
316,9189-JWSHV,0.5241379310344828,1
317,7903-CMPEY,0.8953488372093024,1
318,1073-XXCZD,0.0,0
319,3768-NLUBH,0.34615384615384615,0
320,8882-TLVRW,0.0,0
321,2050-ONYDQ,0.0,0
322,6993-YCOBK,0.0,0
323,8457-XIGKN,0.06896551724137931,0
324,8309-IEYJD,0.7692307692307693,1
325,8178-EYZUO,0.5241379310344828,1
326,6195-MELTI,0.0,0
327,7077-XJMET,0.14285714285714285,0
328,1090-ESELR,0.0,0
329,5288-AHOUP,0.5617977528089888,1
330,6425-JWTDV,0.0,0
331,2250-IVBWA,0.0,0
332,8231-BSWXX,0.0,0
333,3908-BLSYF,0.3611111111111111,0
334,2325-ZUSFD,0.07446808510638298,0
335,2320-SLKMB,0.0,0
336,3545-CNWRG,0.85,1
337,1062-LHZOD,0.7692307692307693,1
338,6008-NAIXK,0.6666666666666666,1
339,0623-EJQEG,0.0,0
340,4325-NFSKC,0.5241379310344828,1
341,7730-CLDSV,0.0,0
342,5183-SNMJQ,0.6086956521739131,1
343,0225-ZORZP,0.3611111111111111,0
344,0461-CVKMU,0.7142857142857143,1
345,2123-VSCOT,0.0,0
346,1193-RTSLK,0.25806451612903225,0
347,4625-EWPTF,0.4411764705882353,0
348,4312-KFRXN,0.0,0
349,1089-XZWHH,0.0,0
350,7633-MVPUY,0.0,0
351,1853-UDXBW,0.7692307692307693,1
352,0899-WZRSD,0.0,0
353,0730-KOAVE,0.375,0
354,3243-ZHOHY,0.0,0
355,9052-DHNKM,0.0,0
356,2672-DZUOY,0.7283950617283951,1
357,0817-HSUSE,0.0,0
358,7602-DBTOU,0.0,0
359,1474-JUWSM,0.36363636363636365,0
360,4918-FYJNT,0.46153846153846156,0
361,8966-KZXXA,0.1111111111111111,0
362,3669-WHAFY,0.0,0
363,8816-VXNZD,0.8953488372093024,1
364,1335-MXCSE,0.0,0
365,8565-HBFNN,0.18115942028985507,0
366,7108-DGVUU,0.0,0
367,8763-KIAFH,0.0,0
368,2253-KPMNB,0.0,0
369,8059-UDZFY,0.875,1
370,9845-PEEKO,0.0,0
371,8144-DGHXP,0.0,0
372,5759-RCVCB,0.375,0
373,7665-TOALD,1.0,1
374,5275-SQEIZ,1.0,1
375,2479-BRAMR,0.5945945945945946,1
376,1757-TCATG,0.0,0
377,1689-YQBYY,0.6455696202531646,1
378,3536-IQCTX,0.3333333333333333,0
379,5345-BMKWB,0.06896551724137931,0
380,3806-YAZOV,0.4444444444444444,0
381,9026-LHEVG,0.0,0
382,5130-IEKQT,0.875,1
383,9638-JIQYA,0.0,0
384,5052-PNLOS,1.0,1
385,5320-BRKGK,0.0,0
386,8441-SHIPE,0.0,0
387,7465-ZZRVX,0.7692307692307693,1
388,7929-DMBCV,0.05555555555555555,0
389,5334-JLAXU,0.0,0
390,5060-TQUQN,0.05555555555555555,0
391,7010-BRBUU,0.0,0
392,2809-ZMYOQ,0.6052631578947368,1
393,0862-PRCBS,0.18115942028985507,0
394,6635-CPNUN,0.25806451612903225,0
395,8563-IIOXK,1.0,1
396,0440-EKDCF,0.0,0
397,6905-NIQIN,0.375,0
398,2792-VPPET,0.0,0
399,6922-NCEDI,0.0,0
400,0196-JTUQI,0.6455696202531646,1
401,7665-VIGUD,0.0,0
402,4957-TIALW,0.0,0
403,6440-DKQGE,0.0,0
404,7449-HVPIV,0.0,0
405,9297-EONCV,0.0,0
406,1469-LBJQJ,0.34615384615384615,0
407,7128-GGCNO,0.25806451612903225,0
408,2851-STERV,0.2558139534883721,0
409,5655-JSMZM,0.85,1
410,0943-ZQPXH,0.375,0
411,6295-OSINB,0.0,0
412,7024-OHCCK,1.0,1
413,1045-LTCYT,0.06896551724137931,0
414,9391-LMANN,0.43478260869565216,0
415,8039-ACLPL,0.0,0
416,4534-WGCIR,0.0,0
417,9820-RMCQV,0.2727272727272727,0
418,8898-KASCD,0.0,0
419,9396-ZSFLL,0.05128205128205128,0
420,3026-ATZYV,0.07446808510638298,0
421,3235-ETOOB,0.5617977528089888,1
422,2799-TSLAG,0.0,0
423,2371-KFUOG,0.07692307692307693,0
424,0315-LVCRK,0.3611111111111111,0
425,0899-LIIBW,0.0,0
426,4232-JGKIY,0.25,0
427,0207-MDKNV,0.6086956521739131,1
428,2823-LKABH,0.2608695652173913,0
429,5959-BELXA,0.5945945945945946,1
430,4683-WYDOU,0.18115942028985507,0
431,1133-KXCGE,0.0,0
432,5115-GZDEL,0.0,0
433,1750-CSKKM,0.14285714285714285,0
434,7190-XHTWJ,0.0,0
435,5606-AMZBO,0.0,0
436,8896-BQTTI,0.46153846153846156,0
437,0516-UXRMT,0.0,0
438,7488-MXJIV,1.0,1
439,8593-WHYHV,1.0,1
440,2320-YKQBO,0.26666666666666666,0
441,2384-OVPSA,0.0,0
442,1506-YJTYT,0.0,0
443,1357-MVDOZ,0.2777777777777778,0
444,4374-YMUSQ,0.0,0
445,2272-JKMSI,0.28125,0
446,8792-AOROI,0.0,0
447,7240-ETPTR,0.4411764705882353,0
448,6770-XUAGN,1.0,1
449,9351-HXDMR,0.0,0
450,7446-SFAOA,0.0,0
451,5130-YPIRV,0.0,0
452,9581-GVBXT,0.0,0
453,2636-SJDOU,0.07446808510638298,0
454,7459-IMVYU,0.1956521739130435,0
455,5077-DXTCG,0.7283950617283951,1
456,3134-DSHVC,0.07692307692307693,0
457,6339-YPSAH,0.5617977528089888,1
458,6575-SUVOI,0.0,0
459,1106-HRLKZ,0.0,0
460,1963-VAUKV,0.46153846153846156,0
461,8204-TIFGJ,0.0,0
462,1172-VIYBP,0.0,0
463,7459-RRWQZ,0.2777777777777778,0
464,4597-ELFTS,0.3333333333333333,0
465,2257-BOVXD,0.2777777777777778,0
466,0723-FDLAY,0.0,0
467,1699-UOTXU,0.0,0
468,8680-CGLTP,0.0,0
469,3318-NMQXL,0.6086956521739131,1
470,9058-MJLZC,0.5241379310344828,1
471,1697-LYYYX,0.0,0
472,6300-BWMJX,0.0,0
473,7049-GKVZY,0.07446808510638298,0
474,6286-SUUWT,0.0,0
475,8263-JQAIK,0.7283950617283951,1
476,7064-FRRSW,0.0,0
477,7878-RTCZG,0.3902439024390244,0
478,3014-WJKSM,0.25806451612903225,0
479,5816-JMLGY,0.0,0
480,6128-DAFVY,0.0,0
481,1872-EBWSC,0.0,0
482,4079-VTGLK,0.0,0
483,3094-JOJAI,0.25806451612903225,0
484,4567-AKPIA,0.0,0
485,2402-TAIRZ,0.0,0
486,6980-IMXXE,0.0,0
487,0121-SNYRK,0.0,0
488,6603-YRDCJ,0.0,0
489,7248-VZQLC,0.5945945945945946,1
490,5600-KTXFM,0.06666666666666667,0
491,1020-JPQOW,0.0,0
492,7410-KTVFV,0.2777777777777778,0
493,2812-REYAT,0.0,0
494,7452-FOLON,0.0,0
495,8739-WWKDU,0.5241379310344828,1
496,7608-RGIRO,0.0,0
497,1178-PZGAB,0.0,0
498,3161-GETRM,0.375,0
499,6331-EWIEB,0.5241379310344828,1
500,6941-PMGEP,0.5617977528089888,1
501,6813-GZQCG,0.1111111111111111,0
502,5828-AVIPD,1.0,1
503,1776-SPBWV,0.0,0
504,2091-GPPIQ,0.0,0
505,5502-RLUYV,1.0,1
506,7707-PYBBH,0.1956521739130435,0
507,0220-EBGCE,0.7916666666666666,1
508,2519-TWKFS,0.0,0
509,4351-QLCSU,0.75,1
510,0485-ZBSLN,0.0,0
511,1334-FJSVR,0.7283950617283951,1
512,0602-DDUML,0.0,0
513,9889-TMAHG,0.6086956521739131,1
514,2403-BCASL,1.0,1
515,3633-CDBUW,0.0,0
516,8950-MTZNV,0.7283950617283951,1
517,6345-HOVES,0.2,0
518,9236-NDUCW,0.0,0
519,6048-UWKAL,0.18115942028985507,0
520,7993-NQLJE,0.06666666666666667,0
521,0432-CAJZV,0.6086956521739131,1
522,7811-JIVPF,0.0,0
523,7410-YTJIK,0.6455696202531646,1
524,6710-HSJRD,0.0,0
525,1025-FALIX,0.25806451612903225,0
526,8294-UIMBA,0.034482758620689655,0
527,7508-KBIMB,0.0,0
528,0187-WZNAB,0.25806451612903225,0
529,2516-VQRRV,0.6455696202531646,1
530,0928-XUTSN,0.5617977528089888,1
531,6845-RGTYS,0.85,1
532,0111-KLBQG,0.5945945945945946,1
533,3070-FNFZQ,0.0,0
534,0337-CNPZE,0.6052631578947368,1
535,5447-WZAFP,0.07692307692307693,0
536,4701-MLJPN,0.1956521739130435,0
537,8634-CILSZ,0.18115942028985507,0
538,4659-NZRUF,0.5241379310344828,1
539,4647-XXZAM,0.05128205128205128,0
540,8869-LIHMK,0.18115942028985507,0
541,8241-JUIQO,0.05555555555555555,0
542,1567-DSCIC,0.7659574468085106,1
543,5054-IEXZT,0.8953488372093024,1
544,3363-EWLGO,0.0,0
545,7989-CHGTL,0.3902439024390244,0
546,3162-KKZXO,0.43478260869565216,0
547,0895-UADGO,0.0,0
548,4785-NKHCX,0.0,0
549,8044-BGWPI,0.14285714285714285,0
550,0869-PAPRP,0.14285714285714285,0
551,3737-XBQDD,0.25806451612903225,0
552,1291-CUOCY,0.125,0
553,2956-GGUCQ,0.5241379310344828,1
554,0626-QXNGV,0.0,0
555,9480-BQJEI,0.07446808510638298,0
556,1309-BXVOQ,0.7142857142857143,1
557,5022-JNQEQ,0.5617977528089888,1
558,5948-UJZLF,0.375,0
559,8242-JSVBO,0.2777777777777778,0
560,6551-ZCOTS,0.0,0
561,7129-CAKJW,0.25806451612903225,0
562,5372-FBKBN,0.06896551724137931,0
563,2495-KZNFB,0.5241379310344828,1
564,9168-INPSZ,0.46153846153846156,0
565,6646-QVXLR,0.28125,0
566,2192-CKRLV,0.0,0
567,8183-ONMXC,0.7916666666666666,1
568,2466-NEJOJ,0.06896551724137931,0
569,4652-ODEVH,0.1111111111111111,0
570,9504-DSHWM,0.05128205128205128,0
571,5134-IKDAY,1.0,1
572,4459-BBGHE,0.0,0
573,7577-SWIFR,0.8953488372093024,1
574,3807-XHCJH,0.05555555555555555,0
575,6711-VTNRE,0.46153846153846156,0
576,9659-ZTWSM,0.18115942028985507,0
577,3470-OBUET,0.0,0
578,0129-KPTWJ,0.34615384615384615,0
579,3643-AHCFP,0.7659574468085106,1
580,7554-NEWDD,0.0,0
581,8805-JNRAZ,0.375,0
582,2038-LLMLM,0.46153846153846156,0
583,5331-RGMTT,0.3684210526315789,0
584,6416-TVAIH,1.0,1
585,9057-MSWCO,1.0,1
586,6851-WEFYX,0.6052631578947368,1
587,2359-KLTEK,0.375,0
588,3186-BAXNB,1.0,1
589,1302-TPUBN,0.0,0
590,1303-SRDOK,0.0,0
591,6198-RTPMF,0.5263157894736842,1
592,6179-GJPSO,0.875,1
593,8465-SBRXP,0.034482758620689655,0
594,8167-GJLRN,0.3333333333333333,0
595,1771-OADNZ,0.85,1
596,6110-OHIHY,1.0,1
597,3914-FDRHP,0.6086956521739131,1
598,3769-MHZNV,0.0,0
599,7548-SEPYI,0.6086956521739131,1
600,8410-BGQXN,0.07142857142857142,0
601,9822-OAOVB,0.0,0
602,7698-YFGEZ,0.0,0
603,9272-LSVYH,0.06666666666666667,0
604,6352-GIGGQ,0.07446808510638298,0
605,8679-JOEVF,1.0,1
606,7067-KSAZT,0.28125,0
607,8295-KMENE,0.0,0
608,3096-IZETN,0.3611111111111111,0
609,5092-STPKP,0.0,0
610,4981-FLTMF,0.045454545454545456,0
611,6341-JVQGF,0.07446808510638298,0
612,0923-PNFUB,0.6086956521739131,1
613,0440-MOGPM,0.0,0
614,5522-JBWMO,0.375,0
615,4933-IKULF,0.0,0
616,0071-NDAFP,0.0,0
617,1907-UBQFC,0.5617977528089888,1
618,0644-OQMDK,0.5617977528089888,1
619,8853-TZDGH,0.125,0
620,0886-QGENL,0.6052631578947368,1
621,9699-UBQFS,0.5241379310344828,1
622,4329-YPDDQ,0.0,0
623,2165-VOEGB,0.5,0
624,2753-JMMCV,0.0,0
625,8098-LLAZX,1.0,1
626,1955-IBMMB,0.0,0
627,7079-QRCBC,0.85,1
628,2040-LDIWQ,0.0,0
629,5915-ANOEI,0.0,0
630,1897-OKVMW,0.0,0
631,4989-LIXVT,0.34615384615384615,0
632,6366-ZGQGL,0.375,0
633,8822-KNBHV,0.07446808510638298,0
634,3050-GBUSH,0.0,0
635,3148-BLQJT,0.46153846153846156,0
636,3096-YXENJ,0.18115942028985507,0
637,2955-PSXOE,0.3333333333333333,0
638,4660-IRIBM,0.25806451612903225,0
639,1729-VLAZJ,0.0,0
640,1042-HFUCW,0.14285714285714285,0
641,3410-YOQBQ,0.0,0
642,4199-QHJNM,0.18115942028985507,0
643,8028-PNXHQ,0.0,0
644,8590-YFFQO,0.0,0
645,1602-IJQQE,0.6455696202531646,1
646,5747-PMBSQ,0.8333333333333334,1
647,5981-ITEMU,0.375,0
648,7880-XSOJX,0.3333333333333333,0
649,1335-HQMKX,0.0,0
650,0206-TBWLC,0.18115942028985507,0
651,9541-ZPSEA,0.0,0
652,4077-CROMM,0.46153846153846156,0
653,8722-PRFDV,0.0,0
654,7929-SKFGK,0.18115942028985507,0
655,7890-VYYWG,0.7283950617283951,1
656,6689-VRRTK,0.0,0
657,6821-JPCDC,0.06666666666666667,0
658,0265-EDXBD,0.5241379310344828,1
659,3522-CDKHF,0.25806451612903225,0
660,5156-UMKOW,0.375,0
661,6005-OBZPH,0.5241379310344828,1
662,7783-YKGDV,0.7659574468085106,1
663,9919-YLNNG,0.5,0
664,2226-ICFDO,0.0,0
665,5458-CQJTA,0.2727272727272727,0
666,2876-VBBBL,0.46153846153846156,0
667,3429-IFLEM,0.0,0
668,1862-QRWPE,0.0,0
669,1307-ATKGB,0.5241379310344828,1
670,1352-VHKAJ,0.0,0
671,4190-MFLUW,0.2727272727272727,0
672,9944-HKVVB,0.6086956521739131,1
673,2135-RXIHG,0.7283950617283951,1
674,8133-ANHHJ,0.5,0
675,0301-KOBTQ,0.0,0
676,5827-MWCZK,0.0,0
677,5482-NUPNA,1.0,1
678,0661-KQHNK,0.0,0
679,4182-BGSIQ,0.06896551724137931,0
680,0310-VQXAM,0.06896551724137931,0
681,2739-CCZMB,0.0,0
682,6630-UJZMY,0.6455696202531646,1
683,4674-HGNUA,0.0,0
684,3160-TYXLT,0.15789473684210525,0
685,8150-QUDFX,0.1111111111111111,0
686,5644-PDMZC,0.8,1
687,6128-CZOMY,0.7283950617283951,1
688,9961-JBNMK,0.14285714285714285,0
689,4827-USJHP,0.06896551724137931,0
690,3186-AJIEK,0.18115942028985507,0
691,4109-CYRBD,0.045454545454545456,0
692,4636-OLWOE,0.0,0
693,2832-KJCRD,0.46153846153846156,0
694,7969-AULMZ,0.85,1
695,5383-MMTWC,0.6455696202531646,1
696,6168-YBYNP,0.0,0
697,8058-INTPH,0.8953488372093024,1
698,6982-SSHFK,0.375,0
699,8185-UPYBR,0.6455696202531646,1
700,0064-YIJGF,0.25806451612903225,0
701,5649-ANRML,0.7916666666666666,1
702,0839-QNXME,0.0,0
703,2882-DDZPG,0.26666666666666666,0
704,5553-AOINX,0.28125,0
705,2673-ZALNP,0.0,0
706,2424-WVHPL,0.0,0
707,9837-BMCLM,1.0,1
708,1397-XKKWR,0.0,0
709,0459-SPZHJ,0.0,0
710,5762-TJXGK,0.0,0
711,9831-BPFRI,0.8,1
712,9746-MDMBK,0.5,0
713,1818-ESQMW,0.46153846153846156,0
714,1304-SEGFY,0.0,0
715,8486-AYEQH,0.5241379310344828,1
716,1346-PJWTK,0.0,0
717,8035-PWSEV,0.5617977528089888,1
718,5697-GOMBF,0.0,0
719,9362-MWODR,0.1956521739130435,0
720,9026-RNUJS,0.2,0
721,5131-PONJI,0.25806451612903225,0
722,2266-SJNAT,0.125,0
723,3446-QDSZF,0.0,0
724,8083-YTZES,0.6455696202531646,1
725,0017-IUDMW,0.0,0
726,0971-QIFJK,0.0,0
727,8023-QHAIO,0.0,0
728,7504-UWHNB,0.3333333333333333,0
729,6358-LYNGM,0.8953488372093024,1
730,3253-HKOKL,0.0,0
731,1271-UODNO,0.2558139534883721,0
732,1272-ILHFG,0.0,0
733,4432-ADRLB,0.375,0
734,2868-LLSKM,0.0,0
735,7159-FVYPK,0.375,0
736,8064-RAVOH,0.5,0
737,9361-YNQWJ,0.05555555555555555,0
738,6591-QGOYB,0.0,0
739,5774-QPLTF,0.0,0
740,5834-ASPWA,0.8953488372093024,1
741,2754-XBHTB,1.0,1
742,2788-CJQAQ,0.0,0
743,3932-CMDTD,1.0,1
744,4654-GGUII,0.0,0
745,5845-BZZIB,0.0,0
746,7771-ZONAT,0.0,0
747,6641-XRPSU,0.25806451612903225,0
748,9824-QCJPK,0.0,0
749,2018-PZKMU,0.23076923076923078,0
750,1347-KTTTA,0.18115942028985507,0
751,4412-YLTKF,0.5241379310344828,1
752,6388-TABGU,0.05555555555555555,0
753,0406-BPDVR,0.18115942028985507,0
754,6734-GMPVK,0.7659574468085106,1
755,0576-WNXXC,0.85,1
756,6131-JLWZM,0.06896551724137931,0
757,3831-YCPUO,0.0,0
758,6892-BOGQE,0.0,0
759,6223-DHJGV,0.0,0
760,8311-UEUAB,0.36363636363636365,0
761,1820-TQVEV,1.0,1
762,3750-YHRYO,0.0,0
763,9964-WBQDJ,0.0,0
764,2786-GCDPI,0.46153846153846156,0
765,7252-NTGSS,0.375,0
766,5542-DHSXL,0.375,0
767,4986-MXSFP,0.0,0
768,1763-KUAAW,0.0,0
769,4719-UMSIY,0.06896551724137931,0
770,6437-UDQJM,0.0,0
771,0519-XUZJU,1.0,1
772,7239-HZZCX,0.3902439024390244,0
773,8631-WUXGY,0.85,1
774,7330-WZLNC,0.7659574468085106,1
775,0376-YMCJC,1.0,1
776,4988-IQIGL,0.8953488372093024,1
777,9639-BUJXT,0.0,0
778,0458-HEUZG,0.0,0
779,6778-JFCMK,0.0,0
780,6424-ELEYH,0.6455696202531646,1
781,0895-LMRSF,0.2558139534883721,0
782,7394-LWLYN,0.7916666666666666,1
783,2187-PKZAY,0.5617977528089888,1
784,2519-FAKOD,0.375,0
785,8663-UPDGF,0.0,0
786,9800-ONTFE,0.25806451612903225,0
787,9574-RKJIF,0.5241379310344828,1
788,1229-RCALF,0.28125,0
789,7328-ZJAJO,0.0,0
790,8257-RZAHR,0.2777777777777778,0
791,7000-WCEVQ,0.2777777777777778,0
792,5075-JSDKI,0.3333333333333333,0
793,0526-SXDJP,0.0,0
794,9099-FTUHS,0.0,0
795,5985-TBABQ,0.07446808510638298,0
796,4398-HSCJH,1.0,1
797,9495-SKLKD,0.375,0
798,7508-MYBOG,0.7659574468085106,1
799,3948-KXDUF,0.0,0
800,1247-QBVSH,0.0,0
801,6000-APYLU,0.5617977528089888,1
802,8474-UMLNT,0.06896551724137931,0
803,6727-IOTLZ,0.0,0
804,5266-PFRQK,0.0,0
805,2925-VDZHY,0.0,0
806,1335-NTIUC,0.4411764705882353,0
807,0396-YCHWO,0.5241379310344828,1
808,3836-FZSDJ,0.0,0
809,4565-EVZMJ,0.0,0
810,4632-PAOYU,0.0,0
811,2720-FVBQP,0.2777777777777778,0
812,4376-KFVRS,0.0,0
813,1965-DDBWU,0.2608695652173913,0
814,9796-MVYXX,0.0,0
815,3319-DWOEP,0.8333333333333334,1
816,3920-HIHMQ,0.0,0
817,5468-BPMMO,0.0,0
818,9845-QOMAD,0.0,0
819,6145-NNPNO,0.375,0
820,9419-IPPBE,0.2,0
821,2664-XJZNO,0.0,0
822,5294-DMSFH,0.375,0
823,2985-FMWYF,0.5241379310344828,1
824,9688-YGXVR,0.25806451612903225,0
825,3164-YAXFY,0.15789473684210525,0
826,9298-WGMRW,0.0,0
827,1022-RKXDR,0.0,0
828,2282-YGNOR,0.0,0
829,4955-VCWBI,0.0,0
830,6894-LFHLY,0.8953488372093024,1
831,3685-YLCMQ,0.43478260869565216,0
832,2446-PLQVO,0.7692307692307693,1
833,8878-RYUKI,0.1956521739130435,0
834,6967-PEJLL,0.125,0
835,6034-ZRYCV,0.6666666666666666,1
836,8445-DNBAE,0.5,0
837,3884-HCSWG,0.5263157894736842,1
838,1113-IUJYX,1.0,1
839,4612-SSVHJ,0.5241379310344828,1
840,2082-CEFLT,0.7283950617283951,1
841,5624-BQSSA,0.46153846153846156,0
842,8676-OOQEJ,0.3333333333333333,0
843,6849-WLEYG,0.3902439024390244,0
844,8065-YKXKD,0.6455696202531646,1
845,1493-AMTIE,0.3333333333333333,0
846,3120-FAZKD,0.1111111111111111,0
847,5498-IBWPI,0.0,0
848,6713-OKOMC,0.25,0
849,3934-HXCFZ,0.85,1
850,9554-DFKIC,0.045454545454545456,0
851,5804-LEPIM,0.7916666666666666,1
852,1084-UQCHV,1.0,1
853,9317-WZPGV,0.7916666666666666,1
854,2883-ILGWO,0.3684210526315789,0
855,6302-JGYRJ,0.8333333333333334,1
856,6298-QDFNH,0.5241379310344828,1
857,7301-ABVAD,0.0,0
858,9269-CQOOL,0.75,1
859,3001-UNBTL,0.6052631578947368,1
860,2858-EIMXH,0.07692307692307693,0
861,1307-TVUFB,0.5945945945945946,1
862,9018-PCIOK,0.0,0
863,3717-OEAUQ,0.06666666666666667,0
864,4361-BKAXE,1.0,1
865,5233-AOZUF,0.5241379310344828,1
866,1139-WUOAH,0.0,0
867,8993-IZEUX,0.3611111111111111,0
868,8217-QYOHV,0.05555555555555555,0
869,9158-VCTQB,1.0,1
870,5406-KGRMX,0.3333333333333333,0
871,6379-RXJRQ,0.5617977528089888,1
872,0106-GHRQR,0.18181818181818182,0
873,0960-HUWBM,0.18115942028985507,0
874,3737-GCSPV,0.7659574468085106,1
875,7033-CLAMM,0.0,0
876,0239-OXEXL,0.25806451612903225,0
877,8473-VUVJN,0.8953488372093024,1
878,0848-SOMKO,0.0,0
879,7802-EFKNY,0.7283950617283951,1
880,0942-KOWSM,0.0,0
881,8849-PRIQJ,0.0,0
882,3071-MVJCD,0.0,0
883,7542-CYDDM,0.06896551724137931,0
884,8625-AZYZY,0.6052631578947368,1
885,9928-BZVLZ,0.0,0
886,5329-KRDTM,0.0,0
887,0967-BMLBD,0.0,0
888,6519-ZHPXP,0.0,0
889,8182-BJDSI,0.5241379310344828,1
890,0471-ARVMX,0.0,0
891,1460-UZPRJ,0.0,0
892,4531-AUZNK,0.07692307692307693,0
893,1452-XRSJV,0.045454545454545456,0
894,7717-BICXI,0.0,0
895,2897-DOVND,0.7916666666666666,1
896,7994-XIRTR,0.0,0
897,9985-MWVIX,0.7692307692307693,1
898,6370-ZVHDV,0.0,0
899,0174-QRVVY,0.0,0
900,5240-CAOYT,0.0,0
901,3398-GCPMU,0.0,0
902,7661-CPURM,0.0,0
903,2418-TPEUN,0.038461538461538464,0
904,1342-JPNKI,0.7659574468085106,1
905,8552-OBVRU,0.0,0
906,3970-XGJDU,0.0,0
907,2207-RYYRL,0.1111111111111111,0
908,3316-UWXUY,0.2608695652173913,0
909,8544-JNBOX,0.0,0
910,6435-VWCCY,0.0,0
911,5569-KGJHX,0.7659574468085106,1
912,5474-LAMUQ,0.0,0
913,2700-LUEVA,0.05555555555555555,0
914,4366-CTOUZ,0.07692307692307693,0
915,0017-DINOC,0.0,0
916,3373-DIUUN,0.0,0
917,4393-GEADV,0.18115942028985507,0
918,3967-KXAPS,0.0,0
919,7338-ERIVA,0.0,0
920,6119-SPUDB,0.0,0
921,9278-VZKCD,0.6052631578947368,1
922,2782-JEEBU,0.4411764705882353,0
923,8084-OIVBS,0.0,0
924,8782-NUUOL,0.07446808510638298,0
925,2382-BCKQJ,0.43478260869565216,0
926,2810-FTLEM,0.38636363636363635,0
927,7396-VJUZB,0.375,0
928,9481-SFCQY,0.2777777777777778,0
929,5285-MVEHD,0.18115942028985507,0
930,2357-COQEK,0.46153846153846156,0
931,4369-NYSCF,0.0,0
932,3653-NCRDJ,0.0,0
933,8909-BOLNL,0.0,0
934,2235-DWLJU,0.4411764705882353,0
935,2983-ZANRP,0.4444444444444444,0
936,5863-OOKCL,0.26666666666666666,0
937,8984-EYLLL,0.28125,0
938,4128-ETESU,0.0,0
939,0442-ZXKVS,0.18115942028985507,0
940,9139-WQQDY,0.5,0
941,7233-DRTRF,0.34615384615384615,0
942,6896-SRVYQ,0.3333333333333333,0
943,8414-OOEEL,0.0,0
944,6427-FEFIG,0.0,0
945,1222-KJNZD,0.0,0
946,6583-QGCSI,0.5241379310344828,1
947,2928-HLDBA,0.06896551724137931,0
948,5898-IGSLP,0.0,0
949,9691-HKOVS,0.0,0
950,9050-IKDZA,0.6086956521739131,1
951,2303-PJYHN,0.0,0
952,1803-BGNBD,0.38636363636363635,0
953,6372-RFVNS,0.8953488372093024,1
954,7379-POKDZ,0.5617977528089888,1
955,6933-FHBZC,0.0,0
956,9065-ZCPQX,0.0,0
957,9575-IWCAZ,0.0,0
958,6496-SLWHQ,1.0,1
959,6341-AEVKX,0.0,0
960,8003-EWNDZ,0.14285714285714285,0
961,1792-UXAFY,0.5263157894736842,1
962,8548-AWOFC,0.045454545454545456,0
963,7036-ZZKBD,0.045454545454545456,0
964,6728-CZFEI,0.0,0
965,2476-YGEFM,0.25806451612903225,0
966,3194-ORPIK,0.25806451612903225,0
967,2450-ZKEED,0.0,0
968,2885-HIJDH,0.0,0
969,3557-HTYWR,0.0,0
970,1905-OEILC,0.3902439024390244,0
971,4094-NSEDU,0.5241379310344828,1
972,9730-DRTMJ,0.07446808510638298,0
973,9330-DHBFL,0.0,0
974,9000-PLFUZ,0.05555555555555555,0
975,4742-DRORA,0.07692307692307693,0
976,9068-FHQHD,0.0,0
977,8224-IVVPA,0.0,0
978,5650-VDUDS,0.7283950617283951,1
979,9374-YOLBJ,0.25,0
980,0106-UGRDO,0.28125,0
981,6463-HHXJR,0.0,0
982,1755-RMCXH,0.1111111111111111,0
983,0835-DUUIQ,0.0,0
984,5681-LLOEI,0.07446808510638298,0
985,6227-FBDXH,0.07692307692307693,0
986,4616-EWBNJ,0.0,0
987,3910-MRQOY,0.0,0
988,1625-JAIIY,0.2,0
989,8436-BJUMM,0.5241379310344828,1
990,5178-LMXOP,0.8953488372093024,1
991,0508-SQWPL,0.0,0
992,6870-ECSHE,0.0,0
993,6661-HBGWL,0.875,1
994,4086-YQSNZ,0.8333333333333334,1
995,0305-SQECB,0.0,0
996,6762-NSODU,0.0,0
997,2208-MPXIO,0.0,0
998,2371-JQHZZ,0.5241379310344828,1
999,4566-NECEV,0.7659574468085106,1
1000,7096-ZNBZI,0.0,0
1001,8756-RDDLT,0.0,0
1002,5204-HMGYF,0.07446808510638298,0
1003,0771-CHWSK,0.0,0
1004,3200-MNQTF,0.0,0
1005,3167-SNQPL,0.0,0
1006,8621-MNIHH,0.5241379310344828,1
1007,3472-OAOOR,0.0,0
1008,1137-DGOWI,0.0,0
1009,1980-KXVPM,0.6455696202531646,1
1010,2519-ERQOJ,0.15789473684210525,0
1011,8166-ORCHU,0.0,0
1012,6701-DHKWQ,0.0,0
1013,2096-XOTMO,0.0,0
1014,0608-JDVEC,0.0,0
1015,3038-PQIUY,0.1956521739130435,0
1016,9625-RZFUK,0.0,0
1017,2990-IAJSV,0.0,0
1018,7254-IQWOZ,1.0,1
1019,1732-VHUBQ,0.5945945945945946,1
1020,7754-IXRMC,0.375,0
1021,3413-DHLPB,0.3684210526315789,0
1022,2634-HCZGT,0.36363636363636365,0
1023,8972-HJWNV,1.0,1
1024,4749-VFKVB,0.7283950617283951,1
1025,8668-KNZTI,0.0,0
1026,8915-NNTRC,0.0,0
1027,9822-BIIGN,0.045454545454545456,0
1028,4700-UBQMV,0.07446808510638298,0
1029,5820-PTRYM,0.07446808510638298,0
1030,7407-SUJIZ,0.0,0
1031,8329-IBCTI,0.3902439024390244,0
1032,2259-OUUSZ,0.2558139534883721,0
1033,5539-TMZLF,1.0,1
1034,3137-NYQQI,0.0,0
1035,0621-CXBKL,0.038461538461538464,0
1036,8388-DMKAE,0.0,0
1037,5924-SNGKP,0.0,0
1038,7636-XUHWW,0.1111111111111111,0
1039,0947-MUGVO,0.5241379310344828,1
1040,7641-TQFHN,0.034482758620689655,0
1041,2706-QZIHY,0.0,0
1042,1328-EUZHC,0.0,0
1043,5524-KHNJP,0.07446808510638298,0
1044,2207-QPJED,0.46153846153846156,0
1045,7816-VGHTO,0.0,0
1046,2223-GDSHL,0.0,0
1047,9277-JOOMO,0.2857142857142857,0
1048,1658-TJVOA,0.5617977528089888,1
1049,4860-IJUDE,0.5617977528089888,1
1050,6394-MFYNG,0.875,1
1051,8612-GXIDD,0.0,0
1052,2662-NNTDK,0.0,0
1053,5602-BVFMK,0.0,0
1054,3635-JBPSG,0.0,0
1055,6963-KQYQB,0.0,0
1056,5171-EPLKN,0.0,0
1057,5067-WJEUN,0.0,0
1058,8357-EQXFO,0.6086956521739131,1
1059,5346-BZCHP,0.0,0
1060,3422-GALYP,0.6455696202531646,1
1061,3550-SAHFP,0.5241379310344828,1
1062,2833-SLKDQ,0.375,0
1063,5136-RGMZO,0.1956521739130435,0
1064,5862-BRIXZ,0.0,0
1065,1481-ZUWZA,0.375,0
1066,5934-RMPOV,0.5241379310344828,1
1067,7644-OMVMY,0.0,0
1068,0096-FCPUF,0.1956521739130435,0
1069,7853-OETYL,0.7283950617283951,1
1070,6693-FRIRW,0.375,0
1071,7102-JJVTX,0.0,0
1072,2619-WFQWU,0.7692307692307693,1
1073,9388-ZEYVT,0.0,0
1074,9108-EQPNQ,0.0,0
1075,9102-OXKFY,0.0,0
1076,3097-NNSPB,0.75,1
1077,1624-NALOJ,0.7659574468085106,1
1078,7137-RYLPP,0.5241379310344828,1
1079,5399-ZIMKF,0.5617977528089888,1
1080,9909-DFRJA,0.034482758620689655,0
1081,7130-YXBRO,0.0,0
1082,6711-FLDFB,0.6455696202531646,1
1083,1574-DYCWE,0.0,0
1084,8380-PEFPE,0.8953488372093024,1
1085,7632-YUTXB,0.0,0
1086,8404-VIOMB,0.0,0
1087,6075-SLNIL,0.375,0
1088,2026-TGDHM,0.5617977528089888,1
1089,8595-SIZNC,0.0,0
1090,6874-SGLHU,0.034482758620689655,0
1091,6067-NGCEU,0.0,0
1092,3886-CERTZ,0.125,0
1093,4558-FANTW,0.2,0
1094,1087-UDSIH,0.4444444444444444,0
1095,8008-HAWED,1.0,1
1096,0259-GBZSH,1.0,1
1097,7032-LMBHI,0.0,0
1098,4581-SSPWD,0.6455696202531646,1
1099,3450-WXOAT,0.0,0
1100,8755-IWJHN,0.0,0
1101,8884-FEEWR,0.0,0
1102,3384-CTMSF,0.6052631578947368,1
1103,5006-MXVRN,0.0,0
1104,7120-RFMVS,0.8953488372093024,1
1105,5043-TRZWM,0.8953488372093024,1
1106,7927-AUXBZ,0.46153846153846156,0
1107,6712-OAWRH,0.5241379310344828,1
1108,1376-HHBDV,0.0,0
1109,6586-PSJOX,0.0,0
1110,7696-CFTAT,0.0,0
1111,6410-LEFEN,0.38636363636363635,0
1112,5393-RXQSZ,0.8953488372093024,1
1113,0516-WJVXC,0.3333333333333333,0
1114,6100-QQHEB,1.0,1
1115,3943-KDREE,0.25806451612903225,0
1116,0420-TXVSG,0.0,0
1117,7054-LGEQW,0.375,0
1118,8402-EIVQS,0.07692307692307693,0
1119,6728-WYQBC,0.05555555555555555,0
1120,2237-ZFSMY,1.0,1
1121,0959-WHOKV,0.1,0
1122,6115-ZTBFQ,0.0,0
1123,1015-OWJKI,0.3902439024390244,0
1124,2234-XADUH,0.0,0
1125,5175-AOBHI,0.7283950617283951,1
1126,9880-TDQAC,0.0,0
1127,5781-BKHOP,0.0,0
1128,2451-YMUXS,0.0,0
1129,7251-LJBQN,0.0,0
1130,7669-LCRSD,0.2777777777777778,0
1131,6288-LBEAR,0.2608695652173913,0
1132,6794-HKIAJ,0.0,0
1133,7951-QKZPL,0.1111111111111111,0
1134,6217-KDYWC,0.0,0
1135,9282-IZGQK,0.8953488372093024,1
1136,7502-BNYGS,0.045454545454545456,0
1137,4671-LXRDQ,0.7283950617283951,1
1138,8073-IJDCM,0.46153846153846156,0
1139,6898-MDLZW,0.06896551724137931,0
1140,4835-YSJMR,0.2558139534883721,0
1141,8213-TAZPM,0.18115942028985507,0
1142,9916-AYHTC,0.0,0
1143,8189-HBVRW,0.3333333333333333,0
1144,8378-LKJAF,0.375,0
1145,9114-DPSIA,0.0,0
1146,6656-GULJQ,0.0,0
1147,4795-UXVCJ,0.0,0
1148,7748-UMTRK,0.46153846153846156,0
1149,5522-NYKPB,0.19047619047619047,0
1150,1699-HPSBG,0.2558139534883721,0
1151,4854-SSLTN,0.0,0
1152,7382-DFJTU,0.2727272727272727,0
1153,8992-JQYUN,1.0,1
1154,2309-OSFEU,0.4411764705882353,0
1155,2208-NKVVH,0.1111111111111111,0
1156,2669-QVCRG,0.25806451612903225,0
1157,4118-CEVPF,0.0,0
1158,8559-WNQZS,0.0,0
1159,3190-ITQXP,0.0,0
1160,7801-KICAO,0.5241379310344828,1
1161,5360-LJCNJ,0.0,0
1162,8706-HRADD,0.4411764705882353,0
1163,1089-HDMKP,0.0,0
1164,0431-APWVY,0.14285714285714285,0
1165,4123-DVHPH,0.7659574468085106,1
1166,6741-EGCBI,0.5945945945945946,1
1167,9705-ZJBCG,0.2,0
1168,4817-QRJSX,0.6455696202531646,1
1169,3913-RDSJZ,0.0,0
1170,0504-HHAPI,0.5945945945945946,1
1171,2230-XTUWL,0.0,0
1172,2378-VTKDH,0.34615384615384615,0
1173,2346-LOCWC,0.0,0
1174,3323-CPBWR,0.2608695652173913,0
1175,2368-GAKKQ,0.18115942028985507,0
1176,4795-WRNVT,0.1956521739130435,0
1177,2798-NYLMZ,0.0,0
1178,5067-XJQFU,0.28125,0
1179,6924-TDGMT,0.0,0
1180,9290-SHCMB,0.6086956521739131,1
1181,5680-LQOGP,0.0,0
1182,3312-UUMZW,0.375,0
1183,4377-VDHYI,0.0,0
1184,8714-EUHJO,0.5241379310344828,1
1185,5955-EPOAZ,0.06896551724137931,0
1186,1796-JANOW,0.0,0
1187,6505-OZNPG,0.0,0
1188,1642-HMARX,0.0,0
1189,3800-LYTRK,0.0,0
1190,3714-XPXBW,0.1956521739130435,0
1191,9547-ITEFG,0.7659574468085106,1
1192,4195-SMMNX,0.1111111111111111,0
1193,8076-FEZKJ,0.0,0
1194,7621-VPNET,0.05555555555555555,0
1195,4826-TZEVA,0.25806451612903225,0
1196,9891-NQDBD,0.0,0
1197,4522-XRWWI,0.07446808510638298,0
1198,9750-BOOHV,0.0,0
1199,2545-EBUPK,0.6455696202531646,1
1200,7244-KXYZN,0.0,0
1201,0921-OHLVP,0.3333333333333333,0
1202,9076-AXYIK,0.0,0
1203,1202-KKGFU,0.05128205128205128,0
1204,3162-ZJZFU,0.19047619047619047,0
1205,4735-BJKOU,0.0,0
1206,0430-IHCDJ,0.38636363636363635,0
1207,7831-QGOXH,0.5241379310344828,1
1208,4718-DHSMV,0.4411764705882353,0
1209,2826-DXLQO,0.0,0
1210,0607-DAAHE,0.038461538461538464,0
1211,9617-UDPEU,0.0,0
1212,5222-JCXZT,0.07142857142857142,0
1213,0511-JTEOY,1.0,1
1214,5651-CPDND,0.05128205128205128,0
1215,5115-SQAAU,0.0,0
1216,8514-VZHEB,0.0,0
1217,8738-JOKAR,0.07446808510638298,0
1218,3648-GZPHF,0.0,0
1219,8910-LEDAG,0.5945945945945946,1
1220,6519-CFDBX,0.7283950617283951,1
1221,2391-SOORI,0.375,0
1222,9903-LYSAB,0.5241379310344828,1
1223,2082-OJVTK,0.5241379310344828,1
1224,5203-XEHAX,0.0,0
1225,3420-YJLQT,0.6455696202531646,1
1226,9029-FEGVJ,0.5945945945945946,1
1227,3254-YRILK,0.5241379310344828,1
1228,9227-UAQFT,0.0,0
1229,1174-FGIFN,0.14285714285714285,0
1230,2933-XEUJM,0.0,0
1231,2480-EJWYP,0.07692307692307693,0
1232,0345-XMMUG,0.125,0
1233,3874-EQOEP,0.7659574468085106,1
1234,7921-LMDFQ,0.07692307692307693,0
1235,8221-HVAYI,0.0,0
1236,6000-UKLWI,0.0,0
1237,0804-XBFBV,0.0,0
1238,1403-GYAFU,0.0,0
1239,9470-XCCEM,0.25806451612903225,0
1240,1898-JSNDC,0.0,0
1241,9124-LHCJQ,1.0,1
1242,4720-VSTSI,0.25806451612903225,0
1243,0440-QEXBZ,0.0,0
1244,6469-QJKZW,0.0,0
1245,0040-HALCW,0.038461538461538464,0
1246,2202-OUTMO,0.045454545454545456,0
1247,3694-GLTJM,0.4444444444444444,0
1248,0265-PSUAE,0.375,0
1249,0067-DKWBL,0.7283950617283951,1
1250,6261-RCVNS,0.07446808510638298,0
1251,2233-TXSIU,0.0,0
1252,2576-HXMPA,0.05555555555555555,0
1253,9473-CBZOP,0.0,0
1254,0491-KAPQG,0.5241379310344828,1
1255,7845-URHJN,0.06896551724137931,0
1256,5032-MIYKT,0.0,0
1257,4585-HETAI,0.5617977528089888,1
1258,8008-ESFLK,0.06666666666666667,0
1259,5577-OTWWW,0.06896551724137931,0
1260,2589-AYCRP,0.0,0
1261,1337-BOZWO,0.0,0
1262,0533-UCAAU,0.05555555555555555,0
1263,9593-CVZKR,0.1111111111111111,0
1264,8859-AXJZP,0.1111111111111111,0
1265,1264-FUHCX,0.0,0
1266,5816-SCGFC,0.06896551724137931,0
1267,6546-OPBBH,0.0,0
1268,4360-PNRQB,0.25806451612903225,0
1269,5325-UWTWJ,0.05555555555555555,0
1270,0902-XKXPN,0.0,0
1271,9048-JVYVF,0.05555555555555555,0
1272,9601-BRXPO,0.875,1
1273,7562-GSUHK,0.375,0
1274,3349-ANQNH,0.43478260869565216,0
1275,4176-RELJR,0.0,0
1276,0506-LVNGN,0.5617977528089888,1
1277,1260-TTRXI,1.0,1
1278,8878-HMWBV,0.7283950617283951,1
1279,6994-ORCWG,0.0,0
1280,3863-IUBJR,1.0,1
1281,0742-NXBGR,0.8953488372093024,1
1282,8053-WWDRO,0.26666666666666666,0
1283,8276-MQBYC,0.85,1
1284,8226-BXGES,0.07446808510638298,0
1285,4840-ORQXB,0.34615384615384615,0
1286,9926-PJHDQ,0.05555555555555555,0
1287,1017-FBQMM,0.18115942028985507,0
1288,9489-DEDVP,0.0,0
1289,8361-LTMKD,0.6455696202531646,1
1290,9609-BENEA,0.2558139534883721,0
1291,1568-LJSZU,0.0,0
1292,4742-TXUEX,0.0,0
1293,7277-OZCGZ,0.0,0
1294,0164-APGRB,0.0,0
1295,4822-RVYBB,0.7659574468085106,1
1296,2569-WGERO,0.0,0
1297,9944-AEXBM,0.375,0
1298,8819-ZBYNA,0.18115942028985507,0
1299,0347-UBKUZ,0.06896551724137931,0
1300,0902-RFHOF,0.0,0
1301,5062-CJJKH,0.0,0
1302,7594-RQHXR,0.8953488372093024,1
1303,8433-WXGNA,0.7916666666666666,1
1304,2474-BRUCM,0.75,1
1305,2907-ILJBN,0.0,0
1306,7064-JHXCE,0.0,0
1307,6447-EGDIV,0.0,0
1308,2482-CZGBB,0.5617977528089888,1
1309,7030-NJVDP,0.0,0
1310,4933-BSAIP,0.0,0
1311,9053-JZFKV,0.18115942028985507,0
1312,4280-DLSHD,0.18181818181818182,0
1313,5307-DZCVC,0.5945945945945946,1
1314,5977-CKHON,0.375,0
1315,7795-CFOCW,0.0,0
1316,2608-BHKFN,0.5617977528089888,1
1317,2951-QOQTK,0.6455696202531646,1
1318,9079-YEXQJ,0.46153846153846156,0
1319,0536-ESJEP,0.0,0
1320,5505-OVWQW,0.0,0
1321,7016-NVRIC,0.07446808510638298,0
1322,5453-YBTWV,0.07692307692307693,0
1323,8329-GWVPJ,0.25806451612903225,0
1324,5837-LXSDN,0.14285714285714285,0
1325,1597-FZREH,1.0,1
1326,4553-DVPZG,0.34615384615384615,0
1327,2193-SFWQW,0.0,0
1328,9909-IDLEK,0.05555555555555555,0
1329,0366-NQSHS,0.07142857142857142,0
1330,6686-YPGHK,0.5945945945945946,1
1331,5889-LFOLL,1.0,1
1332,0848-ZGQIJ,0.375,0
1333,1891-UAWWU,0.3333333333333333,0
1334,5002-GCQFH,0.25806451612903225,0
1335,3407-QGWLG,0.0,0
1336,3546-GHEAE,0.0,0
1337,1956-YIFGE,0.034482758620689655,0
1338,5671-RQRLP,0.0,0
1339,0520-FDVVT,1.0,1
1340,2005-DWQZJ,0.0,0
1341,2215-ZAFGX,0.7659574468085106,1
1342,4389-UEFCZ,0.0,0
1343,7168-HDQHG,0.0,0
1344,5857-TYBCJ,0.5241379310344828,1
1345,9777-WJJPR,0.25806451612903225,0
1346,2203-GHNWN,0.25806451612903225,0
1347,0748-RDGGM,0.18115942028985507,0
1348,4797-MIWUM,0.06896551724137931,0
1349,7647-GYYKX,0.038461538461538464,0
1350,9644-KVCNC,0.05555555555555555,0
1351,1915-IOFGU,0.7692307692307693,1
1352,9084-OAYKL,0.0,0
1353,0732-OCQOC,0.1111111111111111,0
1354,9481-WHGWY,0.0,0
1355,0212-ISBBF,0.4411764705882353,0
1356,6303-KFWSL,0.0,0
1357,6248-TKCQV,0.0,0
1358,2141-RRYGO,0.375,0
1359,1680-VDCWW,0.0,0
1360,2660-EMUBI,0.7659574468085106,1
1361,3884-UEBXB,0.0,0
1362,0580-PIQHM,0.034482758620689655,0
1363,5651-YLPRD,0.5241379310344828,1
1364,7245-JMTTQ,0.43478260869565216,0
1365,8547-NSBBO,0.2608695652173913,0
1366,6979-TNDEU,0.26666666666666666,0
1367,8413-YNHNV,0.0,0
1368,9746-YKGXB,0.0,0
1369,5999-LCXAO,0.375,0
1370,3422-LYEPQ,0.8953488372093024,1
1371,5453-AXEPF,0.25806451612903225,0
1372,6728-DKUCO,0.0,0
1373,4902-OHLSK,0.46153846153846156,0
1374,8745-PVESG,0.0,0
1375,8015-IHCGW,0.0,0
1376,9415-DPEWS,1.0,1
1377,1261-FWTTE,0.4411764705882353,0
1378,2805-EDJPQ,0.07692307692307693,0
1379,4957-TREIR,0.05555555555555555,0
1380,9069-LGEUL,0.0,0
1381,3803-KMQFW,1.0,1
1382,2754-SDJRD,0.7659574468085106,1
1383,9675-ICXCT,0.0,0
1384,6893-ODYYE,0.07446808510638298,0
1385,3244-CQPHU,0.0,0
1386,6582-OIVSP,0.375,0
1387,5322-ZSMZY,0.0,0
1388,1043-YCUTE,0.1111111111111111,0
1389,2821-WARNZ,0.0,0
1390,3716-LRGXK,0.07692307692307693,0
1391,5445-UTODQ,0.8333333333333334,1
1392,6215-NQCPY,0.0,0
1393,0374-FIUCA,0.0,0
1394,7814-LEEVE,0.3333333333333333,0
1395,3144-KMTWZ,0.0,0
1396,2272-WUSPA,0.0,0
1397,1154-HYWWO,0.07446808510638298,0
1398,1768-HNVGJ,0.1956521739130435,0
1399,7471-MQPOS,0.0,0
1400,7311-MQJCH,0.0,0
1401,3606-SBKRY,0.2558139534883721,0
1402,6897-RWMUB,0.0,0
1403,2612-RANWT,0.7659574468085106,1
1404,9505-SQFSW,0.0,0
1405,2748-MYRVK,0.07692307692307693,0
1406,3324-OIRTO,0.0,0
1407,2729-VNVAP,0.0,0
1408,0215-BQKGS,0.25806451612903225,0
1409,2858-MOFSQ,0.14285714285714285,0
1410,2465-BLLEU,0.3902439024390244,0
1411,0595-ITUDF,0.0,0
1412,1552-TKMXS,0.0,0
1413,1871-MOWRM,0.3611111111111111,0
1414,7973-DZRKH,0.0,0
1415,4024-CSNBY,0.0,0
1416,0100-DUVFC,0.28125,0
1417,7234-FECYN,0.7659574468085106,1
1418,0373-AIVNJ,0.0,0
1419,6688-UZPWD,0.7659574468085106,1
1420,3705-RHRFR,0.07692307692307693,0
1421,2351-BKRZW,0.0,0
1422,2153-MREFK,1.0,1
1423,4707-YNOQA,0.0,0
1424,3259-QMXUN,0.0,0
1425,1866-OBPNR,0.0,0
1426,6890-PFRQX,0.05128205128205128,0
1427,0324-BRPCJ,0.34615384615384615,0
1428,1941-HOSAM,0.8953488372093024,1
1429,4318-RAJVY,0.0,0
1430,6198-PNNSZ,0.18115942028985507,0
1431,6029-WTIPC,0.6052631578947368,1
1432,0334-ZFJSR,0.0,0
1433,2209-XADXF,0.375,0
1434,3620-MWJNE,0.05555555555555555,0
1435,7217-JYHOQ,0.0,0
1436,4080-IIARD,0.14285714285714285,0
1437,3533-UVMOM,0.0,0
1438,8356-WUAOJ,0.7283950617283951,1
1439,8496-EJAUI,0.25806451612903225,0
1440,7481-ATQQS,0.5945945945945946,1
1441,8725-JEDFD,0.25806451612903225,0
1442,0975-VOOVL,0.375,0
1443,5161-UBZXI,0.18115942028985507,0
1444,0197-PNKNK,0.07446808510638298,0
1445,3963-RYFNS,0.0,0
1446,8388-FYNPZ,0.0,0
1447,5397-NSKQG,0.0,0
1448,7100-FQPRV,0.07446808510638298,0
1449,0093-EXYQL,0.5241379310344828,1
1450,0303-WMMRN,0.07142857142857142,0
1451,1977-STDKI,0.8953488372093024,1
1452,3656-TKRVZ,0.375,0
1453,9531-NSBMR,0.0,0
1454,2937-FTHUR,0.38636363636363635,0
1455,9541-PWTWO,0.0,0
1456,0420-BWTPW,1.0,1
1457,2672-OJQZP,0.375,0
1458,8190-ZTQFB,0.2558139534883721,0
1459,6549-YMFAW,0.06896551724137931,0
1460,3374-LXDEV,0.7659574468085106,1
1461,1415-YFWLT,0.8953488372093024,1
1462,7868-TMWMZ,0.18115942028985507,0
1463,4730-AWNAU,0.0,0
1464,4550-EVXNY,1.0,1
1465,2873-ZLIWT,0.46153846153846156,0
1466,6188-UXBBR,0.0,0
1467,5647-URDKA,0.0,0
1468,4282-ACRXS,0.2,0
1469,1849-RJYIG,0.14285714285714285,0
1470,8043-PNYSD,0.0,0
1471,6121-TNHBO,0.07446808510638298,0
1472,2000-DHJUY,0.0,0
1473,5868-YWPDW,0.5617977528089888,1
1474,1047-RNXZV,0.0,0
1475,3726-TBHQT,0.0,0
1476,3205-MXZRA,0.0,0
1477,1093-YSWCA,0.0,0
1478,2541-YGPKE,0.0,0
1479,1686-STUHN,0.0,0
1480,4851-BQDNX,0.2558139534883721,0
1481,9039-RBEEE,0.5,0
1482,5649-VUKMC,1.0,1
1483,0689-NKYLF,0.6086956521739131,1
1484,0655-YDGFJ,0.0,0
1485,8082-GHXOP,0.05128205128205128,0
1486,8849-AYPTR,0.3333333333333333,0
1487,4277-UDIEF,0.0,0
1488,8901-HJXTF,1.0,1
1489,6416-YJTTB,0.5617977528089888,1
1490,5804-HYIEZ,0.3333333333333333,0
1491,7567-ECMCM,0.375,0
1492,4548-SDBKE,0.7659574468085106,1
1493,3428-XZMAZ,1.0,1
1494,9058-HRZSV,0.0,0
1495,7968-QUXNS,0.26666666666666666,0
1496,8993-PHFWD,0.375,0
1497,7878-JGDKK,0.375,0
1498,8267-KFGYD,0.46153846153846156,0
1499,6064-PUPMC,0.0,0
1500,6599-GZWCM,0.0,0
1501,5120-ZBLAI,0.5,0
1502,2187-LZGPL,0.8571428571428571,1
1503,5707-ZMDJP,0.0,0
1504,1135-LMECX,0.3902439024390244,0
1505,5449-FIBXJ,0.7142857142857143,1
1506,5127-BZENZ,0.0,0
1507,8975-SKGRX,0.0,0
1508,4343-EJVQB,0.06666666666666667,0
1509,5419-KLXBN,0.25806451612903225,0
1510,0754-EEBDC,0.0,0
1511,6349-JDHQP,0.038461538461538464,0
1512,5965-GGPRW,0.0,0
1513,6625-UTXEW,0.38636363636363635,0
1514,8999-XXGNS,0.0,0
1515,6797-UCJHZ,0.18115942028985507,0
1516,2123-AGEEN,0.6086956521739131,1
1517,1140-UKVZG,0.06896551724137931,0
1518,6356-ELRKD,0.8953488372093024,1
1519,0236-HFWSV,1.0,1
1520,8325-QRPZR,0.5617977528089888,1
1521,9067-SQTNS,0.0,0
1522,9558-IHEZX,0.0,0
1523,7409-KIUTL,0.8953488372093024,1
1524,2323-ARSVR,0.28125,0
1525,0620-XEFWH,0.07142857142857142,0
1526,7774-OJSXI,0.1,0
1527,5906-CVLHP,0.8,1
1528,3571-RFHAR,0.3333333333333333,0
1529,3096-GKWEB,0.5241379310344828,1
1530,7296-PIXQY,0.3611111111111111,0
1531,2731-GJRDG,0.0,0
1532,5529-GIBVH,0.0,0
1533,4291-TPNFG,0.0,0
1534,2971-SGAFL,0.14285714285714285,0
1535,4378-BZYFP,0.0,0
1536,9367-WXLCH,1.0,1
1537,0661-XEYAN,0.7283950617283951,1
1538,3174-RKMOW,0.19047619047619047,0
1539,5989-OMNJE,0.0,0
1540,6603-QWSPR,0.125,0
1541,9932-WBWIK,0.06896551724137931,0
1542,2960-NKRSO,0.19047619047619047,0
1543,1371-DWPAZ,0.0,0
1544,0221-NAUXK,0.2,0
1545,4012-YCFAI,0.2727272727272727,0
1546,7803-XOCCZ,0.0,0
1547,1087-GRUYI,0.0,0
1548,9152-AMKAK,0.0,0
1549,3325-FUYCG,0.6666666666666666,1
1550,2926-JEJJC,0.0,0
1551,3466-RITXD,0.25806451612903225,0
1552,3005-NFMTA,0.85,1
1553,4273-MBHYA,0.8953488372093024,1
1554,3352-RICWQ,0.0,0
1555,7696-AMHOD,0.1111111111111111,0
1556,8746-OQQRW,0.0,0
1557,2452-MRMZF,0.0,0
1558,7596-LDUXP,0.07446808510638298,0
1559,0224-RLWWD,0.7283950617283951,1
1560,3797-VTIDR,0.7283950617283951,1
1561,5756-JYOJT,0.0,0
1562,2430-USGXP,0.6052631578947368,1
1563,2074-GKOWZ,1.0,1
1564,3771-PZOBW,0.25806451612903225,0
1565,6340-DACFT,0.0,0
1566,3181-MIZBN,0.14285714285714285,0
1567,9739-JLPQJ,0.0,0
1568,6691-CCIHA,0.0,0
1569,0330-BGYZE,0.18115942028985507,0
1570,7009-PCARS,0.05555555555555555,0
1571,5968-XQIVE,0.0,0
1572,7501-IWUNG,0.0,0
1573,1657-DYMBM,0.038461538461538464,0
1574,9031-ZVQPT,0.0,0
1575,3911-RSNHI,0.0,0
1576,5419-CONWX,0.6086956521739131,1
1577,4355-CVPVS,0.05555555555555555,0
1578,3295-YVUSR,0.2857142857142857,0
1579,5013-SBUIH,0.43478260869565216,0
1580,9722-UJOJR,0.5241379310344828,1
1581,0567-XRHCU,0.0,0
1582,7595-EHCDL,0.5,0
1583,6476-YHMGA,0.18181818181818182,0
1584,5550-VFRLC,1.0,1
1585,0178-CIIKR,0.0,0
1586,2811-POVEX,0.14285714285714285,0
1587,0013-EXCHZ,0.8333333333333334,1
1588,4745-LSPLO,0.46153846153846156,0
1589,6147-CBCRA,0.0,0
1590,3489-HHPFY,0.6455696202531646,1
1591,6413-XKKPU,1.0,1
1592,8823-RLPWL,0.0,0
1593,3374-TTZTK,0.06666666666666667,0
1594,5879-HMFFH,0.0,0
1595,9239-ZBZZV,0.4411764705882353,0
1596,7133-VBDCG,0.25806451612903225,0
1597,5993-JSUWV,0.0,0
1598,5349-AZPEW,0.375,0
1599,0787-LHDYT,0.06896551724137931,0
1600,7470-DYNOE,0.09090909090909091,0
1601,5315-CKEQK,0.2558139534883721,0
1602,3720-DBRWL,0.0,0
1603,5423-BHIXO,0.1956521739130435,0
1604,1323-OOEPC,0.3684210526315789,0
1605,7601-DHFWZ,0.1111111111111111,0
1606,5702-SKUOB,0.0,0
1607,1589-AGTLK,0.7283950617283951,1
1608,5996-EBTKM,0.0,0
1609,2361-FJWNO,0.0,0
1610,9777-IQHWP,0.0,0
1611,2169-RRLFW,0.0,0
1612,6166-ILMNY,0.7916666666666666,1
1613,4846-WHAFZ,0.5241379310344828,1
1614,2856-HYAPG,1.0,1
1615,3282-ZISZV,0.0,0
1616,4119-ZYPZY,0.0,0
1617,6034-YMTOB,0.06666666666666667,0
1618,2362-IBOOY,0.5241379310344828,1
1619,3996-ZNWYK,0.0,0
1620,1685-BQULA,0.25806451612903225,0
1621,3458-IDMFK,0.0,0
1622,4423-JWZJN,0.0,0
1623,4847-TAJYI,0.6086956521739131,1
1624,8566-YPRGL,0.3902439024390244,0
1625,7321-KKSDU,0.0,0
1626,9848-JQJTX,0.0,0
1627,2568-OIADY,0.85,1
1628,7785-RDVIG,0.0,0
1629,3011-WQKSZ,0.14285714285714285,0
1630,0365-GXEZS,0.2,0
1631,4789-KWMXN,0.5,0
1632,6704-UTUKK,0.15789473684210525,0
1633,0436-TWFFZ,0.0,0
1634,9199-PWQVC,0.07446808510638298,0
1635,7153-CHRBV,0.0,0
1636,5478-JJVZK,0.1956521739130435,0
1637,1697-BCSHV,0.045454545454545456,0
1638,4919-MOAVT,0.3611111111111111,0
1639,4468-YDOVK,0.3333333333333333,0
1640,0587-DMGBH,0.38636363636363635,0
1641,3904-UKFRE,0.0,0
1642,2386-LAHRK,0.7283950617283951,1
1643,5472-CVMDX,0.0,0
1644,3146-JTQHR,0.0,0
1645,1047-NNCBF,0.25806451612903225,0
1646,7977-HXJKU,0.0,0
1647,3978-YNKDD,0.0,0
1648,4549-ZDQYY,0.0,0
1649,5278-PNYOX,0.125,0
1650,9474-PHLYD,0.38636363636363635,0
1651,5906-DVAPM,0.07446808510638298,0
1652,5482-PLVPE,1.0,1
1653,7389-KBFIT,0.0,0
1654,7526-IVLYU,0.07142857142857142,0
1655,2925-MXLSX,0.0,0
1656,4797-AXPXK,1.0,1
1657,2979-SXESE,1.0,1
1658,9127-QRZMH,0.0,0
1659,0188-GWFLE,0.1111111111111111,0
1660,6988-CJEYV,0.0,0
1661,2908-ZTPNF,0.0,0
1662,4510-HIMLV,1.0,1
1663,3427-GGZZI,0.5241379310344828,1
1664,9929-PLVPA,0.2857142857142857,0
1665,6976-BWGLQ,0.0,0
1666,0604-THJFP,0.0,0
1667,2927-QRRQV,0.06666666666666667,0
1668,0749-IRGQE,0.0,0
1669,9544-PYPSJ,0.0,0
1670,3696-DFHHB,0.0,0
1671,5760-FXFVO,0.5617977528089888,1
1672,1550-EENBN,0.75,1
1673,3893-JRNFS,0.0,0
1674,2229-DPMBI,0.0,0
1675,1813-JLKWR,0.05555555555555555,0
1676,9842-EFSYY,0.0,0
1677,8165-CBKXO,0.05555555555555555,0
1678,3566-CAAYU,0.0,0
1679,6152-ONASV,0.05555555555555555,0
1680,7508-SMHXL,0.0,0
1681,3580-REOAC,0.2777777777777778,0
1682,2103-ZRXFN,0.375,0
1683,0380-ZCSBI,0.06896551724137931,0
1684,7641-EUYET,0.6052631578947368,1
1685,5055-BRMNE,0.18115942028985507,0
1686,1741-WTPON,0.18115942028985507,0
1687,8263-QMNTJ,0.0,0
1688,2251-PYLPB,0.0,0
1689,9644-UMGQA,0.38636363636363635,0
1690,8042-JVNFH,1.0,1
1691,2430-RRYUW,0.0,0
1692,2616-UUTFK,0.045454545454545456,0
1693,9103-CXVOK,0.05555555555555555,0
1694,5117-IFGPS,0.5241379310344828,1
1695,7872-RDDLZ,0.1956521739130435,0
1696,8207-VVMYB,0.0,0
1697,6982-UQZLY,1.0,1
1698,6476-EPYZR,0.06896551724137931,0
1699,0742-LAFQK,0.0,0
1700,1841-YSJGV,0.0,0
1701,8922-NPKBJ,0.0,0
1702,2144-ESWKO,0.0,0
1703,7129-AZJDE,0.2558139534883721,0
1704,9553-DLCLU,0.0,0
1705,3389-KTRXV,0.1111111111111111,0
1706,9907-SWKKF,1.0,1
1707,0916-KNFAJ,0.0,0
1708,0362-ZBZWJ,0.5241379310344828,1
1709,1682-VCOIO,0.0,0
1710,6509-TSGWN,0.0,0
1711,1423-BMPBQ,0.3902439024390244,0
1712,9365-SRSZE,0.5241379310344828,1
1713,2197-OMWGI,0.0,0
1714,3266-FTKHB,0.0,0
1715,0103-CSITQ,0.18115942028985507,0
1716,8166-ZZTFS,0.05555555555555555,0
1717,9715-SBVSU,0.0,0
1718,8380-MQINP,0.038461538461538464,0
1719,1353-LJWEM,0.38636363636363635,0
1720,2874-YXVVA,0.46153846153846156,0
1721,8755-OGKNA,0.0,0
1722,8806-EAGWC,0.375,0
1723,6584-VQMYT,0.0,0
1724,2923-ARZLG,0.0,0
1725,5914-DVBWJ,1.0,1
1726,5038-ETMLM,0.0,0
1727,1478-VPOAD,0.375,0
1728,1576-PFZIW,0.18115942028985507,0
1729,1895-QTKDO,0.375,0
1730,1627-AFWVJ,0.0,0
1731,0396-HUJBP,0.4444444444444444,0
1732,3583-KRKMD,0.2608695652173913,0
1733,1104-FEJAM,0.0,0
1734,4482-EWFMI,0.7916666666666666,1
1735,2122-SZZZD,0.0,0
1736,8565-WUXZU,0.0,0
1737,7901-TBKJX,0.34615384615384615,0
1738,1855-AGAWH,0.6666666666666666,1
1739,9620-ENEJV,0.3611111111111111,0
1740,4692-NNQRU,0.0,0
1741,3577-AMVUX,0.0,0
1742,3170-GWYKC,0.3684210526315789,0
1743,8384-FZBJK,0.0,0
1744,2626-URJFX,0.5,0
1745,0191-EQUUH,0.0,0
1746,5424-RLQLC,0.06896551724137931,0
1747,0709-TVGUR,0.6455696202531646,1
1748,2607-DHDAK,0.0,0
1749,0786-VSSUD,0.4411764705882353,0
1750,8544-GOQSH,0.5617977528089888,1
1751,4801-JZAZL,0.0,0
1752,9866-OCCKE,0.0,0
1753,9350-VLHMB,0.0,0
1754,8128-YVJRG,1.0,1
1755,2530-ENDWQ,1.0,1
1756,6718-BDGHG,0.0,0
1757,0568-ONFPC,1.0,1
1758,6231-WFGFH,0.0,0
1759,4526-EXKKN,0.1111111111111111,0
1760,7971-HLVXI,0.0,0
1761,7278-CKDNC,0.5241379310344828,1
1762,9881-VCZEP,0.0,0
1763,0625-AFOHS,0.0,0
1764,8884-MRNSU,0.2,0
1765,7196-LIWRH,0.0,0
1766,3190-FZATL,0.06896551724137931,0
1767,6418-HNFED,0.0,0
1768,8785-CJSHH,0.34615384615384615,0
1769,0968-GSIKN,1.0,1
1770,0136-IFMYD,0.28125,0
1771,7011-CVEUC,0.05555555555555555,0
1772,8920-NAVAY,0.18115942028985507,0
1773,9620-QJREV,0.0,0
1774,3845-JHAMY,0.0,0
1775,0771-WLCLA,0.2,0
1776,3721-CNEYS,0.7916666666666666,1
1777,6248-BSHKG,0.0,0
1778,7148-XZPHA,0.19047619047619047,0
1779,7016-BPGEU,0.2,0
1780,1921-KYSAY,0.0,0
1781,8417-FMLZI,0.5617977528089888,1
1782,0356-ERHVT,0.2777777777777778,0
1783,7924-GJZFI,0.5241379310344828,1
1784,8873-GLDMH,0.2857142857142857,0
1785,7416-CKTEP,0.0,0
1786,8819-WFGGJ,0.0,0
1787,9025-AOMKI,0.7659574468085106,1
1788,6133-OZILE,0.4411764705882353,0
1789,3736-BLEPA,0.0,0
1790,8590-OHDIW,0.0,0
1791,8879-ZKJOF,0.07446808510638298,0
1792,9309-BZGNT,0.0,0
1793,0357-NVCRI,0.0,0
1794,3764-MNMOI,0.0,0
1795,8587-XYZSF,0.0,0
1796,7997-EASSD,0.0,0
1797,8277-RVRSV,0.0,0
1798,0701-TJSEF,0.2777777777777778,0
1799,0407-BDJKB,0.34615384615384615,0
1800,7037-MTYVW,0.0,0
1801,2070-FNEXE,0.3611111111111111,0
1802,7718-RXDGG,0.5617977528089888,1
1803,3646-ITDGM,0.038461538461538464,0
1804,9584-EXCDZ,0.25806451612903225,0
1805,9257-AZMTZ,0.0,0
1806,3462-BJQQA,0.7659574468085106,1
1807,5949-HGVJL,0.0,0
1808,1395-WSWXR,0.0,0
1809,8393-DLHGA,0.85,1
1810,4697-LUPSU,0.0,0
1811,9381-NDKME,0.8571428571428571,1
1812,1228-FZFRV,0.875,1
1813,4913-EHYUI,0.18115942028985507,0
1814,5884-GCYMI,1.0,1
1815,5919-TMRGD,0.8953488372093024,1
1816,6615-ZGEDR,0.3902439024390244,0
1817,3023-GFLBR,0.375,0
1818,8670-MEFCP,0.0,0
1819,8286-AFUYI,0.375,0
1820,8046-DNVTL,0.0,0
1821,2592-YKDIF,0.46153846153846156,0
1822,0691-NIKRI,0.0,0
1823,0254-FNMCI,0.0,0
1824,4872-JCVCA,0.0,0
1825,0880-TKATG,0.8,1
1826,3346-BRMIS,0.4411764705882353,0
1827,9588-YRFHY,0.0,0
1828,4220-TINQT,0.0,0
1829,4625-XMOYM,0.0,0
1830,6173-ITPWD,0.25806451612903225,0
1831,2725-IWWBA,0.0,0
1832,9348-YVOMK,0.0,0
1833,2690-DVRVK,0.0,0
1834,0928-JMXNP,0.7283950617283951,1
1835,7688-AWMDX,0.0,0
1836,6158-DWPZT,1.0,1
1837,3567-PQTSO,0.06666666666666667,0
1838,1814-WFGVS,0.0,0
1839,9286-BHDQG,0.0,0
1840,0141-YEAYS,0.5945945945945946,1
1841,4782-OSFXZ,0.0,0
1842,2775-SEFEE,0.0,0
1843,8714-CTZJW,0.5617977528089888,1
1844,9209-NWPGU,0.0,0
1845,0939-EREMR,0.05128205128205128,0
1846,0186-CAERR,0.0,0
1847,3239-TPHPZ,0.0,0
1848,3005-TYFRD,0.3684210526315789,0
1849,0661-WCQNQ,0.0,0
1850,2959-FENLU,0.5617977528089888,1
1851,4854-CIDCF,0.3611111111111111,0
1852,8327-WKMIE,0.0,0
1853,3870-SPZSI,0.18115942028985507,0
1854,6583-KQJLK,0.8333333333333334,1
1855,8016-NCFVO,0.0,0
1856,1053-MXTTK,0.0,0
1857,1894-IGFSG,0.3333333333333333,0
1858,3280-MRDOF,0.2558139534883721,0
1859,8510-AWCXC,0.7659574468085106,1
1860,3552-CTCYF,0.18115942028985507,0
1861,8626-PTQGE,0.0,0
1862,3780-DDGSE,0.045454545454545456,0
1863,3472-QPRCH,0.0,0
1864,0378-NHQXU,1.0,1
1865,5242-UOWHD,0.0,0
1866,2692-BUCFV,0.0,0
1867,9154-QDGTH,0.0,0
1868,8779-QRDMV,1.0,1
1869,3055-OYMSE,0.0,0
1870,7470-MCQTK,0.4411764705882353,0
1871,0402-CQAJN,0.5,0
1872,5562-YJQGT,0.2857142857142857,0
1873,0979-MOZQI,0.0,0
1874,8120-JDCAM,0.06666666666666667,0
1875,2665-NPTGL,0.14285714285714285,0
1876,5652-MSDEY,0.6455696202531646,1
1877,9548-LERKT,0.0,0
1878,5349-IECLD,0.6086956521739131,1
1879,0983-TATYJ,0.0,0
1880,7356-IWLFW,0.25806451612903225,0
1881,1641-RQDAY,0.6052631578947368,1
1882,1080-BWSYE,0.0,0
1883,6814-ZPWFQ,0.0,0
1884,5996-DAOQL,0.46153846153846156,0
1885,5155-AZQPB,0.0,0
1886,6685-XSHHU,0.0,0
1887,5980-NOPLP,0.85,1
1888,7353-YOWFP,0.0,0
1889,3896-ZVNET,0.1111111111111111,0
1890,1565-RHDJD,1.0,1
1891,8398-TBIYD,0.0,0
1892,2933-FILNV,0.5,0
1893,1097-FSPVW,0.1956521739130435,0
1894,7605-SNLQG,0.0,0
1895,6650-BWFRT,0.0,0
1896,7247-XOZPB,0.07446808510638298,0
1897,3442-ZHHCC,0.07446808510638298,0
1898,1984-FCOWB,0.28125,0
1899,9979-RGMZT,0.0,0
1900,6060-DRTNL,0.6086956521739131,1
1901,2712-SYWAY,0.3333333333333333,0
1902,9833-TGFHX,0.0,0
1903,7134-MJPDY,0.18115942028985507,0
1904,7010-ZMVBF,0.06896551724137931,0
1905,2930-UOTMB,0.1956521739130435,0
1906,4883-QICIH,0.25806451612903225,0
1907,8262-COGGB,0.46153846153846156,0
1908,3217-FZDMN,0.6086956521739131,1
1909,0635-WKOLD,0.0,0
1910,4753-PADAS,0.18115942028985507,0
1911,3793-MMFUH,0.7659574468085106,1
1912,9621-OUPYD,0.0,0
1913,8707-HOEDG,0.28125,0
1914,9081-WWXKP,0.0,0
1915,1222-LRYKO,0.06896551724137931,0
1916,4896-CPRPF,0.0,0
1917,6092-QZVPP,0.1956521739130435,0
1918,5394-SVGJV,0.2608695652173913,0
1919,7255-SSFBC,0.125,0
1920,9786-IJYDL,0.0,0
1921,9933-QRGTX,0.0,0
1922,2692-AQCPF,0.18115942028985507,0
1923,4873-ILOLJ,0.5241379310344828,1
1924,1061-PNTHC,0.0,0
1925,3590-TCXTB,0.46153846153846156,0
1926,9220-CXRSC,0.0,0
1927,0089-IIQKO,0.05555555555555555,0
1928,9093-FPDLG,0.5617977528089888,1
1929,7729-XBTWX,0.0,0
1930,7524-VRLPL,0.0,0
1931,7250-EQKIY,0.8,1
1932,4903-CNOZC,0.0,0
1933,4648-YPBTM,0.0,0
1934,9412-GHEEC,0.875,1
1935,7677-SJJJK,0.25,0
1936,1429-UYJSV,0.0,0
1937,0011-IGKFF,0.8333333333333334,1
1938,0363-QJVFX,0.875,1
1939,5207-PLSTK,0.5,0
1940,4566-GOLUK,0.875,1
1941,3692-JHONH,0.06666666666666667,0
1942,5960-WPXQM,0.8953488372093024,1
1943,6023-YEBUP,1.0,1
1944,8659-IOOPU,0.0,0
1945,9758-MFWGD,0.1111111111111111,0
1946,9814-AOUDH,0.038461538461538464,0
1947,1100-DDVRV,0.4411764705882353,0
1948,3948-FVVRP,0.06896551724137931,0
1949,4544-RXFMG,0.0,0
1950,0277-ORXQS,0.0,0
1951,1734-ZMNTZ,0.1111111111111111,0
1952,1629-DQQVB,0.05128205128205128,0
1953,0365-TRTPY,0.25806451612903225,0
1954,0565-JUPYD,0.18115942028985507,0
1955,2636-OHFMN,1.0,1
1956,5970-GHJAW,0.0,0
1957,8982-NHAVY,0.034482758620689655,0
1958,4702-IOQDC,0.7692307692307693,1
1959,5324-KTGCG,0.0,0
1960,4816-JBHOV,0.7283950617283951,1
1961,3410-MHHUM,0.06666666666666667,0
1962,3572-UUHRS,0.0,0
1963,2150-WLKUW,0.0,0
1964,4641-FROLU,0.0,0
1965,6258-PVZWJ,0.0,0
1966,3058-HJCUY,1.0,1
1967,2990-OGYTD,0.0,0
1968,2794-XIMMO,0.6666666666666666,1
1969,2400-FEQME,0.038461538461538464,0
1970,2761-OCIAX,0.7916666666666666,1
1971,1755-FZQEC,0.0,0
1972,0529-ONKER,0.6455696202531646,1
1973,5743-KHMNA,0.0,0
1974,3059-NGMXB,0.06896551724137931,0
1975,7551-DACSP,0.18181818181818182,0
1976,8713-IGZSO,0.1111111111111111,0
1977,2694-CIUMO,0.6455696202531646,1
1978,4332-MUOEZ,0.034482758620689655,0
1979,5136-GFPMB,0.0,0
1980,7233-PAHHL,0.0,0
1981,6331-LWDTQ,1.0,1
1982,3724-BSCVH,0.0,0
1983,3154-HMWUU,0.0,0
1984,5787-KXGIY,0.0,0
1985,1754-GKYPY,0.14285714285714285,0
1986,8393-JMVMB,0.3902439024390244,0
1987,4572-DVCGN,0.5617977528089888,1
1988,5899-MQZZL,0.6455696202531646,1
1989,4806-KEXQR,0.5617977528089888,1
1990,4815-YOSUK,0.0,0
1991,5884-FBCTL,0.0,0
1992,0895-LNKRC,0.0,0
1993,0795-XCCTE,0.0,0
1994,9692-TUSXH,0.85,1
1995,0655-RBDUG,0.7659574468085106,1
1996,4587-NUKOX,0.5617977528089888,1
1997,0231-LXVAP,1.0,1
1998,6549-NNDYT,0.4411764705882353,0
1999,0369-ZGOVK,0.14285714285714285,0
2000,0363-SVHYR,0.0,0
2001,9828-QHFBK,0.0,0
2002,0640-YJTPY,0.0,0
2003,2212-LYASK,0.2558139534883721,0
2004,9867-NNXLC,0.06896551724137931,0
2005,2519-LBNQL,0.28125,0
2006,3489-VSFRD,0.0,0
2007,9483-GCPWE,0.0,0
2008,4238-JSSWH,0.5,0
2009,6614-YOLAC,0.0,0
2010,2294-SALNE,0.0,0
2011,4307-KTUMW,0.3333333333333333,0
2012,7271-AJDTL,0.0,0
2013,1635-FJFCC,0.0,0
2014,7639-OPLNG,0.0,0
2015,4644-PIZRT,0.07446808510638298,0
2016,6234-RAAPL,0.0,0
2017,7105-MXJLL,0.0,0
2018,3927-NLNRY,0.07692307692307693,0
2019,8887-IPQNC,0.2777777777777778,0
2020,9233-PSYHO,0.034482758620689655,0
2021,2428-ZMCTB,0.06896551724137931,0
2022,2176-OSJUV,0.0,0
2023,5799-JRCZO,0.0,0
2024,0219-YTZUE,1.0,1
2025,4465-VDKIQ,0.3333333333333333,0
2026,3030-YDNRM,0.6455696202531646,1
2027,1809-DMJHQ,0.375,0
2028,4686-GEFRM,0.07692307692307693,0
2029,8205-OTCHB,0.2558139534883721,0
2030,7017-VFHAY,0.18115942028985507,0
2031,8952-WCVCD,0.0,0
2032,9600-UDOPK,0.375,0
2033,5122-CYFXA,0.0,0
2034,4622-YNKIJ,0.0,0
2035,6583-SZVGP,0.125,0
2036,1465-LNTLJ,0.2777777777777778,0
2037,7103-IPXPJ,0.0,0
2038,7029-IJEJK,0.05555555555555555,0
2039,6559-ILWKJ,1.0,1
2040,2434-EEVDB,0.07692307692307693,0
2041,9332-GYWLO,0.14285714285714285,0
2042,4807-IZYOZ,0.0,0
2043,2256-YLYLP,0.0,0
2044,4320-QMLLA,0.05128205128205128,0
2045,6260-XLACS,0.0,0
2046,3164-AALRN,0.8333333333333334,1
2047,4311-QTTAI,0.0,0
2048,5914-XRFQB,0.0,0
2049,9342-VNIMQ,0.1956521739130435,0
2050,1231-YNDEK,0.0,0
2051,3570-YUEKJ,0.0,0
2052,3066-RRJIO,0.7692307692307693,1
2053,3703-KBKZP,0.14285714285714285,0
2054,4685-TFLLS,0.2,0
2055,7780-OTDSO,0.85,1
2056,2828-SLQPF,0.2777777777777778,0
2057,7852-LECYP,0.7659574468085106,1
2058,4947-DSMXK,0.375,0
2059,1298-PHBTI,0.0,0
2060,2272-UOINI,0.14285714285714285,0
2061,2599-CZABP,0.0,0
2062,4237-CLSMM,0.1111111111111111,0
2063,5269-NRGDP,0.0,0
2064,7176-WRTNX,0.18115942028985507,0
2065,8292-TYSPY,0.2777777777777778,0
2066,3683-QKIUE,0.2777777777777778,0
2067,4994-OBRSZ,0.0,0
2068,2088-IEBAU,0.0,0
2069,0621-TWIEM,0.38636363636363635,0
2070,1320-GVNHT,0.0,0
2071,8992-CEUEN,0.25,0
2072,4750-ZRXIU,1.0,1
2073,2037-SGXHH,0.5241379310344828,1
2074,0997-YTLNY,0.05128205128205128,0
2075,3898-BSJYF,0.07446808510638298,0
2076,5685-IIXLY,0.5617977528089888,1
2077,1023-BQXZE,0.0,0
2078,6030-REHUX,0.46153846153846156,0
2079,0856-NAOES,0.05128205128205128,0
2080,7853-GVUDZ,1.0,1
2081,7445-WMRBW,0.0,0
2082,0156-FVPTA,0.38636363636363635,0
2083,8966-SNIZF,0.0,0
2084,7094-MSZAO,0.06896551724137931,0
2085,7815-PDTHL,0.0,0
2086,8224-DWCKX,0.2857142857142857,0
2087,0463-ZSDNT,0.2777777777777778,0
2088,7018-FPXHH,0.038461538461538464,0
2089,7321-ZNSLA,0.0,0
2090,5170-PTRKA,0.0,0
2091,2661-GKBTK,0.0,0
2092,0793-TWELN,0.0,0
2093,3847-BAERP,0.06896551724137931,0
2094,1724-IQWNM,0.3902439024390244,0
2095,8232-CTLKO,0.0,0
2096,0953-LGOVU,0.25,0
2097,7242-EDTYC,0.0,0
2098,5797-APWZC,0.8953488372093024,1
2099,4559-UWIHT,0.6455696202531646,1
2100,0118-JPNOY,0.14285714285714285,0
2101,8207-DMRVL,0.0,0
2102,3672-YITQD,0.5241379310344828,1
2103,0093-XWZFY,0.875,1
2104,1163-VIPRI,0.0,0
2105,9500-LTVBP,0.2608695652173913,0
2106,4636-QRJKY,0.6455696202531646,1
2107,2126-GSEGL,0.0,0
2108,3097-PYWXL,0.0,0
2109,6311-UEUME,0.5241379310344828,1
2110,2919-HBCJO,0.5617977528089888,1
2111,6484-LATFU,0.0,0
2112,8857-CUPFQ,0.0,0
2113,2012-NWRPA,0.7659574468085106,1
2114,1371-WEPDS,0.0,0
2115,3712-PKXZA,0.0,0
2116,4349-GFQHK,0.8,1
2117,7752-XUSCI,1.0,1
2118,4083-EUGRJ,0.06896551724137931,0
2119,7526-BEZQB,0.7659574468085106,1
2120,1170-SASML,0.0,0
2121,0266-CLZKZ,0.18115942028985507,0
2122,5160-UXJED,0.0,0
2123,0282-NVSJS,0.0,0
2124,8049-WJCLQ,0.05128205128205128,0
2125,1085-LDWAM,0.0,0
2126,7593-JNWRU,0.2777777777777778,0
2127,4568-TTZRT,0.06896551724137931,0
2128,7740-KKCXF,0.0,0
2129,8149-AIQCG,0.25806451612903225,0
2130,5153-LXKDT,0.28125,0
2131,9702-AIUJO,0.0,0
2132,5668-MEISB,0.0,0
2133,2969-WGHQO,0.0,0
2134,1400-MMYXY,1.0,1
2135,8020-BWHYL,0.5617977528089888,1
2136,2894-QOJRX,0.4411764705882353,0
2137,0377-JBKKT,0.06896551724137931,0
2138,3509-GWQGF,0.75,1
2139,6211-WWLTF,0.07692307692307693,0
2140,5192-EBGOV,0.8953488372093024,1
2141,5214-CHIWJ,0.0,0
2142,5277-ZLOOR,1.0,1
2143,0829-DDVLK,0.0,0
2144,6082-OQFBA,0.0,0
2145,2194-IIQOF,0.0,0
2146,7711-YIJWC,0.07446808510638298,0
2147,4957-SREEC,0.0,0
2148,5583-EJXRD,0.0,0
2149,1043-UXOVO,0.0,0
2150,3074-GQWYX,1.0,1
2151,4922-CVPDX,0.0,0
2152,5149-TGWDZ,0.0,0
2153,1197-BVMVG,0.6455696202531646,1
2154,7673-BQGKU,0.0,0
2155,2972-YDYUW,0.43478260869565216,0
2156,4525-VZCZG,0.43478260869565216,0
2157,1963-SVUCV,0.375,0
2158,9297-FVVDH,0.36363636363636365,0
2159,4075-JFPGR,0.0,0
2160,8225-BTJAU,0.5617977528089888,1
2161,9300-AGZNL,0.8953488372093024,1
2162,7693-LCKZL,0.6455696202531646,1
2163,0927-LCSMG,0.3333333333333333,0
2164,5327-XOKKY,0.05555555555555555,0
2165,2243-FNMMI,0.0,0
2166,8985-OOPOS,0.0,0
2167,7729-JTEEC,0.5,0
2168,2002-MZHWP,0.46153846153846156,0
2169,7682-AZNDK,0.5241379310344828,1
2170,5389-FFVKB,0.5945945945945946,1
2171,5063-IUOKK,0.0,0
2172,8535-SFUTN,0.0,0
2173,1697-NVVGY,0.05128205128205128,0
2174,3642-GKTCT,0.18115942028985507,0
2175,0999-QXNSA,0.2777777777777778,0
2176,2900-PHPLN,0.0,0
2177,1867-BDVFH,0.6455696202531646,1
2178,5108-ADXWO,0.5617977528089888,1
2179,1064-FBXNK,0.0,0
2180,1038-ZAGBI,0.2,0
2181,9767-FFLEM,0.25806451612903225,0
2182,1744-JHKYS,0.0,0
2183,6726-WEXXK,0.125,0
2184,7718-UPSKJ,0.18115942028985507,0
2185,7563-BIUPC,0.6086956521739131,1
2186,9786-YWNHU,0.0,0
2187,3249-VHRIP,0.0,0
2188,7956-XQWGU,0.0,0
2189,3588-WSTTJ,0.85,1
2190,2558-BUOZZ,0.5,0
2191,7537-RBWEA,0.7283950617283951,1
2192,5193-QLVZB,0.18115942028985507,0
2193,3751-KTZEL,1.0,1
2194,0314-TKOSI,0.06896551724137931,0
2195,4760-THGOT,0.5241379310344828,1
2196,8035-BUYVG,1.0,1
2197,1918-ZBFQJ,0.5617977528089888,1
2198,6260-ONULR,0.75,1
2199,8194-PEEBY,0.0,0
2200,4475-NVTLU,0.0,0
2201,1399-OUPJN,0.0,0
2202,3007-FDPEA,0.2857142857142857,0
2203,6086-ESGRL,1.0,1
2204,9943-VSZUV,0.0,0
2205,7668-XCFYV,0.5263157894736842,1
2206,6817-WTYHE,0.375,0
2207,6230-BSUXY,0.8953488372093024,1
2208,4139-JPIAM,0.0,0
2209,9496-IVVRP,0.05128205128205128,0
2210,7781-EWARA,0.0,0
2211,4682-BLBUC,0.2558139534883721,0
2212,6061-PQHMK,0.0,0
2213,9013-AQORL,0.5,0
2214,9610-WCESF,0.0,0
2215,1981-INRFU,0.6086956521739131,1
2216,1200-TUZHR,0.7659574468085106,1
2217,6734-JDTTV,0.0,0
2218,9450-TRJUU,0.3333333333333333,0
2219,0515-YPMCW,0.7692307692307693,1
2220,5543-QDCRY,0.375,0
2221,2085-BOJKI,0.0,0
2222,5274-XHAKY,0.25806451612903225,0
2223,8313-AFGBW,0.1111111111111111,0
2224,2234-EOFPT,0.0,0
2225,0052-YNYOT,0.3333333333333333,0
2226,3640-PHQXK,0.5241379310344828,1
2227,7361-YPXFS,0.0,0
2228,6097-EQISJ,0.18115942028985507,0
2229,3090-QFUVD,0.05555555555555555,0
2230,0945-TSONX,0.0,0
2231,6736-DHUQI,0.07446808510638298,0
2232,3391-JSQEW,0.0,0
2233,8229-TNIQA,0.7283950617283951,1
2234,5908-QMGOE,0.6455696202531646,1
2235,7908-QCBCA,1.0,1
2236,2074-GUHPQ,0.2608695652173913,0
2237,1309-XGFSN,0.0,0
2238,7314-OXENN,0.6455696202531646,1
2239,7026-YMSBE,0.0,0
2240,8541-QVFKM,0.2857142857142857,0
2241,5909-ECHUI,0.75,1
2242,7541-YLXCL,0.8333333333333334,1
2243,2819-GWENI,0.0,0
2244,8337-UPOAQ,0.7659574468085106,1
2245,5859-HZYLF,0.0,0
2246,6556-DBKZF,0.2,0
2247,3786-WOVKF,0.0,0
2248,0674-GCDXG,0.0,0
2249,2472-OVKUP,0.5617977528089888,1
2250,3487-EARAT,0.07446808510638298,0
2251,6252-DFGTK,0.07446808510638298,0
2252,4367-NUYAO,0.0,0
2253,6828-HMKWP,0.0,0
2254,9283-LZQOH,0.6455696202531646,1
2255,0484-FFVBJ,0.2558139534883721,0
2256,2931-XIQBR,0.18115942028985507,0
2257,6655-LHBYW,0.18115942028985507,0
2258,7061-OVMIM,0.0,0
2259,4847-QNOKA,0.7283950617283951,1
2260,2483-XSSMZ,0.0,0
2261,9150-KPBJQ,0.0,0
2262,4958-XCBDQ,0.6052631578947368,1
2263,8961-QDZZJ,0.28125,0
2264,4423-YLHDV,0.875,1
2265,2824-DXNKN,0.0,0
2266,1600-DILPE,0.2777777777777778,0
2267,0818-OCPZO,0.5241379310344828,1
2268,7359-SSBJK,0.2727272727272727,0
2269,3850-OKINF,0.36363636363636365,0
2270,4667-OHGKG,0.3902439024390244,0
2271,0840-DFEZH,0.6455696202531646,1
2272,8317-BVKSO,0.14285714285714285,0
2273,2100-BDNSN,1.0,1
2274,5482-VXSXJ,0.375,0
2275,3723-BFBGR,0.0,0
2276,0048-PIHNL,0.0,0
2277,2831-EBWRN,0.7283950617283951,1
2278,2719-BDAQO,0.5263157894736842,1
2279,4070-OKWVH,0.0,0
2280,3519-ZKXGG,0.6455696202531646,1
2281,2252-NKNSI,0.0,0
2282,6376-GAHQE,1.0,1
2283,0394-YONDK,0.0,0
2284,8212-CRQXP,0.25806451612903225,0
2285,6421-SZVEM,0.07446808510638298,0
2286,1301-LOPVR,0.0,0
2287,8807-ARQET,0.0,0
2288,5028-GZLDO,0.7916666666666666,1
2289,1779-PWPMG,0.0,0
2290,6289-CPNLD,0.8333333333333334,1
2291,6876-ADESB,0.8,1
2292,7601-WFVZV,0.3902439024390244,0
2293,6567-HOOPW,0.8953488372093024,1
2294,4678-DVQEO,1.0,1
2295,1761-AEZZR,0.8953488372093024,1
2296,3768-VHXQO,0.0,0
2297,5445-GLVOT,0.38636363636363635,0
2298,9787-XVQIU,0.8953488372093024,1
2299,4112-LUEIZ,0.6086956521739131,1
2300,1635-NZATJ,0.0,0
2301,0547-HURJB,0.06896551724137931,0
2302,9040-KZVWO,0.0,0
2303,1090-PYKCI,0.18115942028985507,0
2304,7855-DIWPO,0.5241379310344828,1
2305,2623-DRYAM,0.0,0
2306,7607-QKKTJ,0.034482758620689655,0
2307,1373-ORVIZ,0.38636363636363635,0
2308,7916-VCCPB,0.25806451612903225,0
2309,8637-XJIVR,1.0,1
2310,3594-UVONA,0.07446808510638298,0
2311,6854-EXGSF,0.18181818181818182,0
2312,0739-UUAJR,0.0,0
2313,2034-GDRCN,0.6086956521739131,1
2314,5887-IKKYO,0.07692307692307693,0
2315,0137-UDEUO,0.4444444444444444,0
2316,7442-YGZFK,0.0,0
2317,7571-YXDAD,0.6455696202531646,1
2318,7434-SHXLS,0.46153846153846156,0
2319,6096-EGVTU,0.0,0
2320,0871-URUWO,0.7659574468085106,1
2321,0725-CXOTM,0.07446808510638298,0
2322,4676-MQUEA,0.18115942028985507,0
2323,7966-YOTQW,0.2777777777777778,0
2324,0123-CRBRT,0.0,0
2325,9801-GDWGV,0.6052631578947368,1
2326,7089-XXAYG,0.2558139534883721,0
2327,4767-HZZHQ,0.25806451612903225,0
2328,6500-JVEGC,0.07692307692307693,0
2329,7854-EKTJL,0.4444444444444444,0
2330,5982-FPVQN,0.5241379310344828,1
2331,6608-QQLVK,0.7283950617283951,1
2332,3165-HDOEW,0.5,0
2333,5536-RTPWK,0.375,0
2334,1251-KRREG,0.7283950617283951,1
2335,6103-QCKFX,0.045454545454545456,0
2336,7552-KEYGT,0.0,0
2337,1626-ERCMM,0.5241379310344828,1
2338,7617-EYGLW,0.05555555555555555,0
2339,8760-ZRHKE,0.0,0
2340,4256-ZWTZI,0.3333333333333333,0
2341,8740-CRYFY,0.8953488372093024,1
2342,1353-GHZOS,0.0,0
2343,1015-JPFYW,0.0,0
2344,9112-WSNPU,0.3333333333333333,0
2345,9987-LUTYD,0.0,0
2346,5673-TIYIB,0.3333333333333333,0
2347,7124-UGSUR,0.18115942028985507,0
2348,3174-AKMAS,0.0,0
2349,1541-ETJZO,1.0,1
2350,8672-OAUPW,0.0,0
2351,8496-DMZUK,0.07446808510638298,0
2352,8138-EALND,0.06896551724137931,0
2353,0064-SUDOG,0.0,0
2354,5073-RZGBK,0.07446808510638298,0
2355,5014-WUQMG,0.06666666666666667,0
2356,7138-GIRSH,0.0,0
2357,1206-EHBDD,0.038461538461538464,0
2358,3219-JQRSL,0.0,0
2359,2075-PUEPR,0.038461538461538464,0
2360,9921-EZKBY,0.375,0
2361,9507-HSMMZ,0.038461538461538464,0
2362,9921-ZVRHG,0.6455696202531646,1
2363,4844-JJWUY,0.8953488372093024,1
2364,6211-WHMYA,0.0,0
2365,5302-BDJNT,0.19047619047619047,0
2366,9629-NHXFW,0.3902439024390244,0
2367,8201-AAXCB,0.0,0
2368,0447-RXSGD,0.375,0
2369,0375-HVGXO,0.7283950617283951,1
2370,9888-ZCUMM,0.0,0
2371,2200-DSAAL,0.09090909090909091,0
2372,7606-BPHHN,0.0,0
2373,2267-WTPYD,0.0,0
2374,8570-KLJYJ,0.0,0
2375,4174-LPGTI,0.8,1
2376,3926-YZVVX,0.0,0
2377,0004-TLHLJ,0.5617977528089888,1
2378,7321-VGNKU,0.4444444444444444,0
2379,0484-JPBRU,0.0,0
2380,0697-ZMSWS,1.0,1
2381,5044-LRQAQ,0.5617977528089888,1
2382,0114-RSRRW,0.06896551724137931,0
2383,6614-VBEGU,0.0,0
2384,9927-DSWDF,0.7142857142857143,1
2385,7823-JSOAG,0.6455696202531646,1
2386,9773-PEQBZ,0.6455696202531646,1
2387,5536-SLHPM,0.5241379310344828,1
2388,7690-KPNCU,0.07446808510638298,0
2389,2716-GFZOR,0.25806451612903225,0
2390,4291-HPAXL,0.3902439024390244,0
2391,2162-FRZAA,0.0,0
2392,0907-HQNTS,0.18115942028985507,0
2393,8592-PLTMQ,0.0,0
2394,4254-QPEDE,0.0,0
2395,1716-LSAMB,0.0,0
2396,7305-ZWMAJ,0.0,0
2397,2911-UREFD,0.15789473684210525,0
2398,7107-UBYKY,0.0,0
2399,1452-UZOSF,0.0,0
2400,3597-YASZG,0.18115942028985507,0
2401,5940-NFXKV,0.5241379310344828,1
2402,3551-HUAZH,0.8953488372093024,1
2403,2988-GBIVW,0.0,0
2404,3407-JMJQQ,0.0,0
2405,8085-MSNLK,0.18115942028985507,0
2406,8395-ETZKQ,0.05555555555555555,0
2407,6869-FGJJC,0.0,0
2408,0980-FEXWF,0.0,0
2409,4456-RHSNB,0.2777777777777778,0
2410,4395-PZMSN,0.5617977528089888,1
2411,6581-NQCBA,0.4411764705882353,0
2412,2364-UFROM,0.0,0
2413,5940-AHUHD,0.7692307692307693,1
2414,9033-EOXWV,1.0,1
2415,9412-ARGBX,0.125,0
2416,9467-ROOLM,0.0,0
2417,1157-BQCUW,0.8953488372093024,1
2418,7892-QVYKW,0.3333333333333333,0
2419,2817-NTQDO,0.8571428571428571,1
2420,3902-FOIGH,0.7659574468085106,1
2421,9418-RUKPH,0.0,0
2422,2181-UAESM,0.8,1
2423,9788-YTFGE,0.06896551724137931,0
2424,6016-LVTJQ,0.0,0
2425,6473-ULUHT,0.14285714285714285,0
2426,5542-TBBWB,0.7692307692307693,1
2427,5149-CUZUJ,0.0,0
2428,4550-VBOFE,0.34615384615384615,0
2429,4803-AXVYP,0.46153846153846156,0
2430,3372-CDXFJ,0.2,0
2431,6371-NZYEG,0.0,0
2432,8735-SDUFN,0.0,0
2433,9172-JITSM,0.5241379310344828,1
2434,1989-PRJHP,0.5241379310344828,1
2435,0376-OIWME,0.5241379310344828,1
2436,6175-IRFIT,0.06666666666666667,0
2437,6857-TKDJV,0.0,0
2438,5438-QMDDL,0.06896551724137931,0
2439,3192-LNKRK,0.25806451612903225,0
2440,3569-EDBPQ,0.0,0
2441,6804-GDMOI,0.43478260869565216,0
2442,5520-FVEWJ,1.0,1
2443,6229-LSCKB,0.6086956521739131,1
2444,2982-VPSGI,0.7659574468085106,1
2445,0549-CYCQN,0.0,0
2446,6618-RYATB,1.0,1
2447,7905-TVXTA,0.0,0
2448,4729-XKASR,0.375,0
2449,2675-IJRGJ,0.038461538461538464,0
2450,0562-FGDCR,0.0,0
2451,0956-ACVZC,0.07692307692307693,0
2452,7394-FKDNK,0.8333333333333334,1
2453,9600-NAXZN,0.6052631578947368,1
2454,8938-UMKPI,0.6052631578947368,1
2455,7009-LGECI,0.7283950617283951,1
2456,5208-FVQKB,0.0,0
2457,8006-PYCSW,0.0,0
2458,5684-FJVYR,0.0,0
2459,3507-GASNP,0.0,0
2460,1498-DQNRX,0.0,0
2461,5044-XDPYX,0.0,0
2462,9489-JMTTN,0.0,0
2463,8329-UTMVM,0.0,0
2464,3806-DXQOM,0.7283950617283951,1
